CODE,자재비 기준,노무비 기준,DESCRIPTION,SIZE,UNIT,Q'TY, MATERIAL COST ,, LABOR COST ,, EQUIPMENT COST ,, TOTAL  , REMARKS 
,,,,,,, UNIT , AMOUNT , UNIT , AMOUNT , UNIT , AMOUNT , AMOUNT ,
CON16,조사단가평균,전-5-1⑦,H.D.G STEEL CONDUIT W/ONE END COUPLING,"16mm (1/2"")",M,1,2764,2764,26272,26272,,,29036,PF THREAD
CON22,조사단가평균,전-5-1⑦,H.D.G STEEL CONDUIT W/ONE END COUPLING,"22mm (3/4"")",M,1,3710,3710,36125,36125,,,39835,PF THREAD
CON28,조사단가평균,전-5-1⑦,H.D.G STEEL CONDUIT W/ONE END COUPLING,"28mm (1"")",M,1,4711,4711,45977,45977,,,50688,PF THREAD
CON36,조사단가평균,전-5-1⑦,H.D.G STEEL CONDUIT W/ONE END COUPLING,"36mm (11/4"")",M,1,5932,5932,65682,65682,,,71614,PF THREAD
CON42,조사단가평균,전-5-1⑦,H.D.G STEEL CONDUIT W/ONE END COUPLING,"42mm (11/2"")",M,1,6880,6880,82102,82102,,,88982,PF THREAD
CON54,조사단가평균,전-5-1⑦,H.D.G STEEL CONDUIT W/ONE END COUPLING,"54mm (2"")",M,1,9672,9672,111659,111659,,,121331,PF THREAD
CON70,조사단가평균,전-5-1⑦,H.D.G STEEL CONDUIT W/ONE END COUPLING,"70mm (21/2"")",M,1,12784,12784,144500,144500,,,157284,PF THREAD
CON82,조사단가평균,전-5-1⑦,H.D.G STEEL CONDUIT W/ONE END COUPLING,"82mm (3"")",M,1,14033,14033,177342,177342,,,191375,PF THREAD
CON104,조사단가평균,전-5-1⑦,H.D.G STEEL CONDUIT W/ONE END COUPLING,"104mm (4"")",M,1,23219,23219,233171,233171,,,256390,PF THREAD
CONL16,납품업체단가,전-5-29,CONDUIT ELBOW CAST IRON H.D.G(LB/LL/LR) ,"16mm (1/2"")",EA,1,3783,3783,10947,10947,,,14730,FORM 7
CONL22,납품업체단가,전-5-29,CONDUIT ELBOW CAST IRON H.D.G(LB/LL/LR) ,"22mm (3/4"")",EA,1,4368,4368,10947,10947,,,15315,FORM 7
CONL28,납품업체단가,전-5-29,CONDUIT ELBOW CAST IRON H.D.G(LB/LL/LR) ,"28mm (1"")",EA,1,6552,6552,10947,10947,,,17499,FORM 7
CONL36,납품업체단가,전-5-29,CONDUIT ELBOW CAST IRON H.D.G(LB/LL/LR) ,"36mm (11/4"")",EA,1,9009,9009,10947,10947,,,19956,FORM 7
CONL42,납품업체단가,전-5-29,CONDUIT ELBOW CAST IRON H.D.G(LB/LL/LR) ,"42mm (11/2"")",EA,1,12233,12233,21894,21894,,,34127,FORM 7
CONL54,납품업체단가,전-5-29,CONDUIT ELBOW CAST IRON H.D.G(LB/LL/LR) ,"54mm (2"")",EA,1,16796,16796,21894,21894,,,38690,FORM 7
CONL70,납품업체단가,전-5-29,CONDUIT ELBOW CAST IRON H.D.G(LB/LL/LR) ,"70mm (21/2"")",EA,1,33995,33995,32841,32841,,,66836,FORM 7
CONL82,납품업체단가,전-5-29,CONDUIT ELBOW CAST IRON H.D.G(LB/LL/LR) ,"82mm (3"")",EA,1,40950,40950,32841,32841,,,73791,FORM 7
CONL104,납품업체단가,전-5-29,CONDUIT ELBOW CAST IRON H.D.G(LB/LL/LR) ,"104mm (4"")",EA,1,59644,59644,32841,32841,,,92485,FORM 7
CONT16,납품업체단가,전-5-29,CONDUIT TEE CAST IRON H.D.G(TEE/TB),"16mm (1/2"")",EA,1,4576,4576,10947,10947,,,15523,FORM 7
CONT22,납품업체단가,전-5-29,CONDUIT TEE CAST IRON H.D.G(TEE/TB),"22mm (3/4"")",EA,1,5265,5265,10947,10947,,,16212,FORM 7
CONT28,납품업체단가,전-5-29,CONDUIT TEE CAST IRON H.D.G(TEE/TB),"28mm (1"")",EA,1,7826,7826,10947,10947,,,18773,FORM 7
CONT36,납품업체단가,전-5-29,CONDUIT TEE CAST IRON H.D.G(TEE/TB),"36mm (11/4"")",EA,1,9880,9880,10947,10947,,,20827,FORM 7
CONT42,납품업체단가,전-5-29,CONDUIT TEE CAST IRON H.D.G(TEE/TB),"42mm (11/2"")",EA,1,13104,13104,21894,21894,,,34998,FORM 7
CONT54,납품업체단가,전-5-29,CONDUIT TEE CAST IRON H.D.G(TEE/TB),"54mm (2"")",EA,1,18460,18460,21894,21894,,,40354,FORM 7
CONT70,납품업체단가,전-5-29,CONDUIT TEE CAST IRON H.D.G(TEE/TB),"70mm (21/2"")",EA,1,40560,40560,32841,32841,,,73401,FORM 7
CONT82,납품업체단가,전-5-29,CONDUIT TEE CAST IRON H.D.G(TEE/TB),"82mm (3"")",EA,1,47099,47099,32841,32841,,,79940,FORM 7
CONT104,납품업체단가,전-5-29,CONDUIT TEE CAST IRON H.D.G(TEE/TB),"104mm (4"")",EA,1,73554,73554,32841,32841,,,106395,FORM 7
CONU16,납품업체단가,해당없음,"CONDUIT UNION CAST IRON H.D.G(PF""M""xPF""F"")","16mm (1/2"")",EA,1,2769,2769,0,0,,,2769,
CONU22,납품업체단가,해당없음,"CONDUIT UNION CAST IRON H.D.G(PF""M""xPF""F"")","22mm (3/4"")",EA,1,3211,3211,0,0,,,3211,
CONU28,납품업체단가,해당없음,"CONDUIT UNION CAST IRON H.D.G(PF""M""xPF""F"")","28mm (1"")",EA,1,4407,4407,0,0,,,4407,
CONU36,납품업체단가,해당없음,"CONDUIT UNION CAST IRON H.D.G(PF""M""xPF""F"")","36mm (11/4"")",EA,1,7748,7748,0,0,,,7748,
CONU42,납품업체단가,해당없음,"CONDUIT UNION CAST IRON H.D.G(PF""M""xPF""F"")","42mm (11/2"")",EA,1,9594,9594,0,0,,,9594,
CONU54,납품업체단가,해당없음,"CONDUIT UNION CAST IRON H.D.G(PF""M""xPF""F"")","54mm (2"")",EA,1,12090,12090,0,0,,,12090,
CONU70,납품업체단가,해당없음,"CONDUIT UNION CAST IRON H.D.G(PF""M""xPF""F"")","70mm (21/2"")",EA,1,22529,22529,0,0,,,22529,
CONU82,납품업체단가,해당없음,"CONDUIT UNION CAST IRON H.D.G(PF""M""xPF""F"")","82mm (3"")",EA,1,28600,28600,0,0,,,28600,
CONU104,납품업체단가,해당없음,"CONDUIT UNION CAST IRON H.D.G(PF""M""xPF""F"")","104mm (4"")",EA,1,43550,43550,0,0,,,43550,
CONA22,납품업체단가,해당없음,"ADAPTOR(""M""x""F"") STEEL W/ELECTRO GALVANIZED",22mm x XXmm,EA,1,1339,1339,0,0,,,1339,
CONA28,납품업체단가,해당없음,"ADAPTOR(""M""x""F"") STEEL W/ELECTRO GALVANIZED",28mm x XXmm,EA,1,1560,1560,0,0,,,1560,
CONA36,납품업체단가,해당없음,"ADAPTOR(""M""x""F"") STEEL W/ELECTRO GALVANIZED",36mm x XXmm,EA,1,2366,2366,0,0,,,2366,
CONA42,납품업체단가,해당없음,"ADAPTOR(""M""x""F"") STEEL W/ELECTRO GALVANIZED",42mm x XXmm,EA,1,3263,3263,0,0,,,3263,
CONA54,납품업체단가,해당없음,"ADAPTOR(""M""x""F"") STEEL W/ELECTRO GALVANIZED",54mm x XXmm,EA,1,4836,4836,0,0,,,4836,
CONA70,납품업체단가,해당없음,"ADAPTOR(""M""x""F"") STEEL W/ELECTRO GALVANIZED",70mm x XXmm,EA,1,8320,8320,0,0,,,8320,
CONA82,납품업체단가,해당없음,"ADAPTOR(""M""x""F"") STEEL W/ELECTRO GALVANIZED",82mm x XXmm,EA,1,12064,12064,0,0,,,12064,
CONA104,납품업체단가,해당없음,"ADAPTOR(""M""x""F"") STEEL W/ELECTRO GALVANIZED",104mm x XXmm,EA,1,18590,18590,0,0,,,18590,
CONR22,납품업체단가,해당없음,"REDUCER(""M""x""F"") STEEL W/ELECTRO GALVANIZED",22mm x XXmm,EA,1,1118,1118,0,0,,,1118,
CONR28,납품업체단가,해당없음,"REDUCER(""M""x""F"") STEEL W/ELECTRO GALVANIZED",28mm x XXmm,EA,1,1404,1404,0,0,,,1404,
CONR36,납품업체단가,해당없음,"REDUCER(""M""x""F"") STEEL W/ELECTRO GALVANIZED",36mm x XXmm,EA,1,1872,1872,0,0,,,1872,
CONR42,납품업체단가,해당없음,"REDUCER(""M""x""F"") STEEL W/ELECTRO GALVANIZED",42mm x XXmm,EA,1,2275,2275,0,0,,,2275,
CONR54,납품업체단가,해당없음,"REDUCER(""M""x""F"") STEEL W/ELECTRO GALVANIZED",54mm x XXmm,EA,1,3263,3263,0,0,,,3263,
CONR70,납품업체단가,해당없음,"REDUCER(""M""x""F"") STEEL W/ELECTRO GALVANIZED",70mm x XXmm,EA,1,6123,6123,0,0,,,6123,
CONR82,납품업체단가,해당없음,"REDUCER(""M""x""F"") STEEL W/ELECTRO GALVANIZED",82mm x XXmm,EA,1,9776,9776,0,0,,,9776,
CONR104,납품업체단가,해당없음,"REDUCER(""M""x""F"") STEEL W/ELECTRO GALVANIZED",104mm x XXmm,EA,1,14677,14677,0,0,,,14677,
CONSV16,납품업체단가,전-5-29,SEALING FITTING(VERTICAL) CAST IRON W/H.D.G Ex d IIC,"16mm (1/2"")",EA,1,3783,3783,10947,10947,,,14730,FORM 7
CONSV22,납품업체단가,전-5-29,SEALING FITTING(VERTICAL) CAST IRON W/H.D.G Ex d IIC,"22mm (3/4"")",EA,1,4420,4420,10947,10947,,,15367,FORM 7
CONSV28,납품업체단가,전-5-29,SEALING FITTING(VERTICAL) CAST IRON W/H.D.G Ex d IIC,"28mm (1"")",EA,1,6279,6279,10947,10947,,,17226,FORM 7
CONSV36,납품업체단가,전-5-29,SEALING FITTING(VERTICAL) CAST IRON W/H.D.G Ex d IIC,"36mm (11/4"")",EA,1,8398,8398,10947,10947,,,19345,FORM 7
CONSV42,납품업체단가,전-5-29,SEALING FITTING(VERTICAL) CAST IRON W/H.D.G Ex d IIC,"42mm (11/2"")",EA,1,10790,10790,21894,21894,,,32684,FORM 7
CONSV54,납품업체단가,전-5-29,SEALING FITTING(VERTICAL) CAST IRON W/H.D.G Ex d IIC,"54mm (2"")",EA,1,15379,15379,21894,21894,,,37273,FORM 7
CONSV70,납품업체단가,전-5-29,SEALING FITTING(VERTICAL) CAST IRON W/H.D.G Ex d IIC,"70mm (21/2"")",EA,1,31109,31109,32841,32841,,,63950,FORM 7
CONSV82,납품업체단가,전-5-29,SEALING FITTING(VERTICAL) CAST IRON W/H.D.G Ex d IIC,"82mm (3"")",EA,1,37661,37661,32841,32841,,,70502,FORM 7
CONSV104,납품업체단가,전-5-29,SEALING FITTING(VERTICAL) CAST IRON W/H.D.G Ex d IIC,"104mm (4"")",EA,1,55614,55614,32841,32841,,,88455,FORM 7
CONSH16,납품업체단가,전-5-29,SEALING FITTING(HORIZONTAL) CAST IRON W/H.D.G Ex d IIC,"16mm (1/2"")",EA,1,5538,5538,10947,10947,,,16485,FORM 7
CONSH22,납품업체단가,전-5-29,SEALING FITTING(HORIZONTAL) CAST IRON W/H.D.G Ex d IIC,"22mm (3/4"")",EA,1,6214,6214,10947,10947,,,17161,FORM 7
CONSH28,납품업체단가,전-5-29,SEALING FITTING(HORIZONTAL) CAST IRON W/H.D.G Ex d IIC,"28mm (1"")",EA,1,7956,7956,10947,10947,,,18903,FORM 7
CONSH36,납품업체단가,전-5-29,SEALING FITTING(HORIZONTAL) CAST IRON W/H.D.G Ex d IIC,"36mm (11/4"")",EA,1,10153,10153,10947,10947,,,21100,FORM 7
CONSH42,납품업체단가,전-5-29,SEALING FITTING(HORIZONTAL) CAST IRON W/H.D.G Ex d IIC,"42mm (11/2"")",EA,1,12818,12818,21894,21894,,,34712,FORM 7
CONSH54,납품업체단가,전-5-29,SEALING FITTING(HORIZONTAL) CAST IRON W/H.D.G Ex d IIC,"54mm (2"")",EA,1,17680,17680,21894,21894,,,39574,FORM 7
CONSH70,납품업체단가,전-5-29,SEALING FITTING(HORIZONTAL) CAST IRON W/H.D.G Ex d IIC,"70mm (21/2"")",EA,1,33540,33540,32841,32841,,,66381,FORM 7
CONSH82,납품업체단가,전-5-29,SEALING FITTING(HORIZONTAL) CAST IRON W/H.D.G Ex d IIC,"82mm (3"")",EA,1,42315,42315,32841,32841,,,75156,FORM 7
CONSH104,납품업체단가,전-5-29,SEALING FITTING(HORIZONTAL) CAST IRON W/H.D.G Ex d IIC,"104mm (4"")",EA,1,58058,58058,32841,32841,,,90899,FORM 7
CONDS16,납품업체단가,전-5-29,DRAIN SEALING FITTING CAST IRON W/H.D.G Ex d IIC,"16mm (1/2"")",EA,1,8996,8996,10947,10947,,,19943,FORM 7
CONDS22,납품업체단가,전-5-29,DRAIN SEALING FITTING CAST IRON W/H.D.G Ex d IIC,"22mm (3/4"")",EA,1,10179,10179,10947,10947,,,21126,FORM 7
CONDS28,납품업체단가,전-5-29,DRAIN SEALING FITTING CAST IRON W/H.D.G Ex d IIC,"28mm (1"")",EA,1,12155,12155,10947,10947,,,23102,FORM 7
CONDS36,납품업체단가,전-5-29,DRAIN SEALING FITTING CAST IRON W/H.D.G Ex d IIC,"36mm (11/4"")",EA,1,14716,14716,10947,10947,,,25663,FORM 7
CONDS42,납품업체단가,전-5-29,DRAIN SEALING FITTING CAST IRON W/H.D.G Ex d IIC,"42mm (11/2"")",EA,1,18473,18473,21894,21894,,,40367,FORM 7
CONDS54,납품업체단가,전-5-29,DRAIN SEALING FITTING CAST IRON W/H.D.G Ex d IIC,"54mm (2"")",EA,1,23959,23959,21894,21894,,,45853,FORM 7
CONDS70,납품업체단가,전-5-29,DRAIN SEALING FITTING CAST IRON W/H.D.G Ex d IIC,"70mm (21/2"")",EA,1,41080,41080,32841,32841,,,73921,FORM 7
CONDS82,납품업체단가,전-5-29,DRAIN SEALING FITTING CAST IRON W/H.D.G Ex d IIC,"82mm (3"")",EA,1,48893,48893,32841,32841,,,81734,FORM 7
CONDS104,납품업체단가,전-5-29,DRAIN SEALING FITTING CAST IRON W/H.D.G Ex d IIC,"104mm (4"")",EA,1,68588,68588,32841,32841,,,101429,FORM 7
CONDRB16,납품업체단가,전-5-3,ROUND JUNCTION BOX CASST IRON W/H.D.G Ex d IIC,"16mm (1/2"")",EA,1,17238,17238,54735,54735,,,71973,FORM 7
CONDRB22,납품업체단가,전-5-3,ROUND JUNCTION BOX CASST IRON W/H.D.G Ex d IIC,"22mm (3/4"")",EA,1,17927,17927,54735,54735,,,72662,FORM 7
CONDRB28,납품업체단가,전-5-3,ROUND JUNCTION BOX CASST IRON W/H.D.G Ex d IIC,"28mm (1"")",EA,1,21190,21190,54735,54735,,,75925,FORM 7
CONDRB36,납품업체단가,전-5-3,ROUND JUNCTION BOX CASST IRON W/H.D.G Ex d IIC,"36mm (11/4"")",EA,1,34775,34775,54735,54735,,,89510,FORM 7
CONDRB42,납품업체단가,전-5-3,ROUND JUNCTION BOX CASST IRON W/H.D.G Ex d IIC,"42mm (11/2"")",EA,1,39715,39715,54735,54735,,,94450,FORM 7
CONDRB54,납품업체단가,전-5-3,ROUND JUNCTION BOX CASST IRON W/H.D.G Ex d IIC,"54mm (2"")",EA,1,47125,47125,54735,54735,,,101860,FORM 7
CONF16500,납품업체단가,전-5-1⑦,FLEXIBLE COUPLING Ex d IIC(TUBE:SUS304/CONN':BRASS W/NICKEL),"16mm (1/2"")x500L",EA,1,11375,11375,14450,14450,,,25825,
CONF22500,납품업체단가,전-5-1⑦,FLEXIBLE COUPLING Ex d IIC(TUBE:SUS304/CONN':BRASS W/NICKEL),"22mm (3/4"")x500L",EA,1,16107,16107,19376,19376,,,35483,
CONF28500,납품업체단가,전-5-1⑦,FLEXIBLE COUPLING Ex d IIC(TUBE:SUS304/CONN':BRASS W/NICKEL),"28mm (1"")x500L",EA,1,21788,21788,23645,23645,,,45433,
CONF36500,납품업체단가,전-5-1⑦,FLEXIBLE COUPLING Ex d IIC(TUBE:SUS304/CONN':BRASS W/NICKEL),"36mm (11/4"")x500L",EA,1,33540,33540,28571,28571,,,62111,
CONF42500,납품업체단가,전-5-1⑦,FLEXIBLE COUPLING Ex d IIC(TUBE:SUS304/CONN':BRASS W/NICKEL),"42mm (11/2"")x500L",EA,1,42042,42042,34154,34154,,,76196,
CONF54500,납품업체단가,전-5-1⑦,FLEXIBLE COUPLING Ex d IIC(TUBE:SUS304/CONN':BRASS W/NICKEL),"54mm (2"")x500L",EA,1,59800,59800,44663,44663,,,104463,
CONF70500,납품업체단가,전-5-1⑦,FLEXIBLE COUPLING Ex d IIC(TUBE:SUS304/CONN':BRASS W/NICKEL),"70mm (21/2"")x500L",EA,1,116584,116584,51232,51232,,,167816,
CONF82500,납품업체단가,전-5-1⑦,FLEXIBLE COUPLING Ex d IIC(TUBE:SUS304/CONN':BRASS W/NICKEL),"82mm (3"")x500L",EA,1,162864,162864,57800,57800,,,220664,
CONF104500,납품업체단가,전-5-1⑦,FLEXIBLE COUPLING Ex d IIC(TUBE:SUS304/CONN':BRASS W/NICKEL),"104mm (4"")x500L",EA,1,234234,234234,70936,70936,,,305170,
CONF16700,납품업체단가,전-5-1⑦,FLEXIBLE COUPLING Ex d IIC(TUBE:SUS304/CONN':BRASS W/NICKEL),"16mm (1/2"")x700L",EA,1,12428,12428,14450,14450,,,26878,
CONF22700,납품업체단가,전-5-1⑦,FLEXIBLE COUPLING Ex d IIC(TUBE:SUS304/CONN':BRASS W/NICKEL),"22mm (3/4"")x700L",EA,1,17875,17875,19376,19376,,,37251,
CONF28700,납품업체단가,전-5-1⑦,FLEXIBLE COUPLING Ex d IIC(TUBE:SUS304/CONN':BRASS W/NICKEL),"28mm (1"")x700L",EA,1,24310,24310,23645,23645,,,47955,
CONF36700,납품업체단가,전-5-1⑦,FLEXIBLE COUPLING Ex d IIC(TUBE:SUS304/CONN':BRASS W/NICKEL),"36mm (11/4"")x700L",EA,1,35607,35607,28571,28571,,,64178,
CONF42700,납품업체단가,전-5-1⑦,FLEXIBLE COUPLING Ex d IIC(TUBE:SUS304/CONN':BRASS W/NICKEL),"42mm (11/2"")x700L",EA,1,46163,46163,34154,34154,,,80317,
CONF54700,납품업체단가,전-5-1⑦,FLEXIBLE COUPLING Ex d IIC(TUBE:SUS304/CONN':BRASS W/NICKEL),"54mm (2"")x700L",EA,1,64220,64220,44663,44663,,,108883,
CONF70700,납품업체단가,전-5-1⑦,FLEXIBLE COUPLING Ex d IIC(TUBE:SUS304/CONN':BRASS W/NICKEL),"70mm (21/2"")x700L",EA,1,123994,123994,51232,51232,,,175226,
CONF82700,납품업체단가,전-5-1⑦,FLEXIBLE COUPLING Ex d IIC(TUBE:SUS304/CONN':BRASS W/NICKEL),"82mm (3"")x700L",EA,1,172224,172224,57800,57800,,,230024,
CONF104700,납품업체단가,전-5-1⑦,FLEXIBLE COUPLING Ex d IIC(TUBE:SUS304/CONN':BRASS W/NICKEL),"104mm (4"")x700L",EA,1,244530,244530,70936,70936,,,315466,
CONF161000,납품업체단가,전-5-1⑦,FLEXIBLE COUPLING Ex d IIC(TUBE:SUS304/CONN':BRASS W/NICKEL),"16mm (1/2"")x1000L",EA,1,15184,15184,14450,14450,,,29634,
CONF221000,납품업체단가,전-5-1⑦,FLEXIBLE COUPLING Ex d IIC(TUBE:SUS304/CONN':BRASS W/NICKEL),"22mm (3/4"")x1000L",EA,1,20592,20592,19376,19376,,,39968,
CONF281000,납품업체단가,전-5-1⑦,FLEXIBLE COUPLING Ex d IIC(TUBE:SUS304/CONN':BRASS W/NICKEL),"28mm (1"")x1000L",EA,1,28496,28496,23645,23645,,,52141,
CONF361000,납품업체단가,전-5-1⑦,FLEXIBLE COUPLING Ex d IIC(TUBE:SUS304/CONN':BRASS W/NICKEL),"36mm (11/4"")x1000L",EA,1,40118,40118,28571,28571,,,68689,
CONF421000,납품업체단가,전-5-1⑦,FLEXIBLE COUPLING Ex d IIC(TUBE:SUS304/CONN':BRASS W/NICKEL),"42mm (11/2"")x1000L",EA,1,51532,51532,34154,34154,,,85686,
CONF541000,납품업체단가,전-5-1⑦,FLEXIBLE COUPLING Ex d IIC(TUBE:SUS304/CONN':BRASS W/NICKEL),"54mm (2"")x1000L",EA,1,71214,71214,44663,44663,,,115877,
CONF701000,납품업체단가,전-5-1⑦,FLEXIBLE COUPLING Ex d IIC(TUBE:SUS304/CONN':BRASS W/NICKEL),"70mm (21/2"")x1000L",EA,1,134862,134862,51232,51232,,,186094,
CONF821000,납품업체단가,전-5-1⑦,FLEXIBLE COUPLING Ex d IIC(TUBE:SUS304/CONN':BRASS W/NICKEL),"82mm (3"")x1000L",EA,1,183781,183781,57800,57800,,,241581,
CONF1041000,납품업체단가,전-5-1⑦,FLEXIBLE COUPLING Ex d IIC(TUBE:SUS304/CONN':BRASS W/NICKEL),"104mm (4"")x1000L",EA,1,263432,263432,70936,70936,,,334368,
CONFCP16500,납품업체단가,전-5-1⑦,COMPOSITION CONNECTOR(PACKING TYPE CABLE GLAND)(TUBE:SUS304/GLAND:BRASS W/NICKEL),"16mm (1/2"")x500L",EA,1,24167,24167,14450,14450,,,38617,
CONFCP122500,납품업체단가,전-5-1⑦,COMPOSITION CONNECTOR(PACKING TYPE CABLE GLAND)(TUBE:SUS304/GLAND:BRASS W/NICKEL),"22mm (3/4"")x500L",EA,1,29744,29744,19376,19376,,,49120,
CONFCP28500,납품업체단가,전-5-1⑦,COMPOSITION CONNECTOR(PACKING TYPE CABLE GLAND)(TUBE:SUS304/GLAND:BRASS W/NICKEL),"28mm (1"")x500L",EA,1,40560,40560,23645,23645,,,64205,
CONFCP36500,납품업체단가,전-5-1⑦,COMPOSITION CONNECTOR(PACKING TYPE CABLE GLAND)(TUBE:SUS304/GLAND:BRASS W/NICKEL),"36mm (11/4"")x500L",EA,1,57460,57460,28571,28571,,,86031,
CONFCP42500,납품업체단가,전-5-1⑦,COMPOSITION CONNECTOR(PACKING TYPE CABLE GLAND)(TUBE:SUS304/GLAND:BRASS W/NICKEL),"42mm (11/2"")x500L",EA,1,72670,72670,34154,34154,,,106824,
CONFCP54500,납품업체단가,전-5-1⑦,COMPOSITION CONNECTOR(PACKING TYPE CABLE GLAND)(TUBE:SUS304/GLAND:BRASS W/NICKEL),"54mm (2"")x500L",EA,1,97175,97175,44663,44663,,,141838,
CONFCP70500,납품업체단가,전-5-1⑦,COMPOSITION CONNECTOR(PACKING TYPE CABLE GLAND)(TUBE:SUS304/GLAND:BRASS W/NICKEL),"70mm (21/2"")x500L",EA,1,212940,212940,51232,51232,,,264172,
CONFCP82500,납품업체단가,전-5-1⑦,COMPOSITION CONNECTOR(PACKING TYPE CABLE GLAND)(TUBE:SUS304/GLAND:BRASS W/NICKEL),"82mm (3"")x500L",EA,1,268710,268710,57800,57800,,,326510,
CONFCP104500,납품업체단가,전-5-1⑦,COMPOSITION CONNECTOR(PACKING TYPE CABLE GLAND)(TUBE:SUS304/GLAND:BRASS W/NICKEL),"104mm (4"")x500L",EA,1,430950,430950,70936,70936,,,501886,
CONFCP16700,납품업체단가,전-5-1⑦,COMPOSITION CONNECTOR(PACKING TYPE CABLE GLAND)(TUBE:SUS304/GLAND:BRASS W/NICKEL),"16mm (1/2"")x700L",EA,1,26000,26000,14450,14450,,,40450,
CONFCP22700,납품업체단가,전-5-1⑦,COMPOSITION CONNECTOR(PACKING TYPE CABLE GLAND)(TUBE:SUS304/GLAND:BRASS W/NICKEL),"22mm (3/4"")x700L",EA,1,32110,32110,19376,19376,,,51486,
CONFCP28700,납품업체단가,전-5-1⑦,COMPOSITION CONNECTOR(PACKING TYPE CABLE GLAND)(TUBE:SUS304/GLAND:BRASS W/NICKEL),"28mm (1"")x700L",EA,1,43602,43602,23645,23645,,,67247,
CONFCP36700,납품업체단가,전-5-1⑦,COMPOSITION CONNECTOR(PACKING TYPE CABLE GLAND)(TUBE:SUS304/GLAND:BRASS W/NICKEL),"36mm (11/4"")x700L",EA,1,61178,61178,28571,28571,,,89749,
CONFCP42700,납품업체단가,전-5-1⑦,COMPOSITION CONNECTOR(PACKING TYPE CABLE GLAND)(TUBE:SUS304/GLAND:BRASS W/NICKEL),"42mm (11/2"")x700L",EA,1,77064,77064,34154,34154,,,111218,
CONFCP54700,납품업체단가,전-5-1⑦,COMPOSITION CONNECTOR(PACKING TYPE CABLE GLAND)(TUBE:SUS304/GLAND:BRASS W/NICKEL),"54mm (2"")x700L",EA,1,102921,102921,44663,44663,,,147584,
CONFCP70700,납품업체단가,전-5-1⑦,COMPOSITION CONNECTOR(PACKING TYPE CABLE GLAND)(TUBE:SUS304/GLAND:BRASS W/NICKEL),"70mm (21/2"")x700L",EA,1,221390,221390,51232,51232,,,272622,
CONFCP82700,납품업체단가,전-5-1⑦,COMPOSITION CONNECTOR(PACKING TYPE CABLE GLAND)(TUBE:SUS304/GLAND:BRASS W/NICKEL),"82mm (3"")x700L",EA,1,280540,280540,57800,57800,,,338340,
CONFCP104700,납품업체단가,전-5-1⑦,COMPOSITION CONNECTOR(PACKING TYPE CABLE GLAND)(TUBE:SUS304/GLAND:BRASS W/NICKEL),"104mm (4"")x700L",EA,1,454610,454610,70936,70936,,,525546,
CONFCP161000,납품업체단가,전-5-1⑦,COMPOSITION CONNECTOR(PACKING TYPE CABLE GLAND)(TUBE:SUS304/GLAND:BRASS W/NICKEL),"16mm (1/2"")x1000L",EA,1,28782,28782,14450,14450,,,43232,
CONFCP221000,납품업체단가,전-5-1⑦,COMPOSITION CONNECTOR(PACKING TYPE CABLE GLAND)(TUBE:SUS304/GLAND:BRASS W/NICKEL),"22mm (3/4"")x1000L",EA,1,35386,35386,19376,19376,,,54762,
CONFCP281000,납품업체단가,전-5-1⑦,COMPOSITION CONNECTOR(PACKING TYPE CABLE GLAND)(TUBE:SUS304/GLAND:BRASS W/NICKEL),"28mm (1"")x1000L",EA,1,47801,47801,23645,23645,,,71446,
CONFCP361000,납품업체단가,전-5-1⑦,COMPOSITION CONNECTOR(PACKING TYPE CABLE GLAND)(TUBE:SUS304/GLAND:BRASS W/NICKEL),"36mm (11/4"")x1000L",EA,1,66755,66755,28571,28571,,,95326,
CONFCP421000,납품업체단가,전-5-1⑦,COMPOSITION CONNECTOR(PACKING TYPE CABLE GLAND)(TUBE:SUS304/GLAND:BRASS W/NICKEL),"42mm (11/2"")x1000L",EA,1,83655,83655,34154,34154,,,117809,
CONFCP541000,납품업체단가,전-5-1⑦,COMPOSITION CONNECTOR(PACKING TYPE CABLE GLAND)(TUBE:SUS304/GLAND:BRASS W/NICKEL),"54mm (2"")x1000L",EA,1,111540,111540,44663,44663,,,156203,
CONFCP701000,납품업체단가,전-5-1⑦,COMPOSITION CONNECTOR(PACKING TYPE CABLE GLAND)(TUBE:SUS304/GLAND:BRASS W/NICKEL),"70mm (21/2"")x1000L",EA,1,232271,232271,51232,51232,,,283503,
CONFCP821000,납품업체단가,전-5-1⑦,COMPOSITION CONNECTOR(PACKING TYPE CABLE GLAND)(TUBE:SUS304/GLAND:BRASS W/NICKEL),"82mm (3"")x1000L",EA,1,298285,298285,57800,57800,,,356085,
CONFCP1041000,납품업체단가,전-5-1⑦,COMPOSITION CONNECTOR(PACKING TYPE CABLE GLAND)(TUBE:SUS304/GLAND:BRASS W/NICKEL),"104mm (4"")x1000L",EA,1,486330,486330,70936,70936,,,557266,
CONFCB16500,납품업체단가,전-5-1⑦,COMPOSITION CONNECTOR(BARRIER TYPE CABLE GLAND)(TUBE:SUS304/GLAND:BRASS W/NICKEL),"16mm (1/2"")x500L",EA,1,25374,25374,14450,14450,,,39824,
CONFCB22500,납품업체단가,전-5-1⑦,COMPOSITION CONNECTOR(BARRIER TYPE CABLE GLAND)(TUBE:SUS304/GLAND:BRASS W/NICKEL),"22mm (3/4"")x500L",EA,1,31231,31231,19376,19376,,,50607,
CONFCB28500,납품업체단가,전-5-1⑦,COMPOSITION CONNECTOR(BARRIER TYPE CABLE GLAND)(TUBE:SUS304/GLAND:BRASS W/NICKEL),"28mm (1"")x500L",EA,1,42588,42588,23645,23645,,,66233,
CONFCB36500,납품업체단가,전-5-1⑦,COMPOSITION CONNECTOR(BARRIER TYPE CABLE GLAND)(TUBE:SUS304/GLAND:BRASS W/NICKEL),"36mm (11/4"")x500L",EA,1,60333,60333,28571,28571,,,88904,
CONFCB42500,납품업체단가,전-5-1⑦,COMPOSITION CONNECTOR(BARRIER TYPE CABLE GLAND)(TUBE:SUS304/GLAND:BRASS W/NICKEL),"42mm (11/2"")x500L",EA,1,76303,76303,34154,34154,,,110457,
CONFCB54500,납품업체단가,전-5-1⑦,COMPOSITION CONNECTOR(BARRIER TYPE CABLE GLAND)(TUBE:SUS304/GLAND:BRASS W/NICKEL),"54mm (2"")x500L",EA,1,102033,102033,44663,44663,,,146696,
CONFCB70500,납품업체단가,전-5-1⑦,COMPOSITION CONNECTOR(BARRIER TYPE CABLE GLAND)(TUBE:SUS304/GLAND:BRASS W/NICKEL),"70mm (21/2"")x500L",EA,1,223587,223587,51232,51232,,,274819,
CONFCB82500,납품업체단가,전-5-1⑦,COMPOSITION CONNECTOR(BARRIER TYPE CABLE GLAND)(TUBE:SUS304/GLAND:BRASS W/NICKEL),"82mm (3"")x500L",EA,1,282145,282145,57800,57800,,,339945,
CONFCB104500,납품업체단가,전-5-1⑦,COMPOSITION CONNECTOR(BARRIER TYPE CABLE GLAND)(TUBE:SUS304/GLAND:BRASS W/NICKEL),"104mm (4"")x500L",EA,1,452497,452497,70936,70936,,,523433,
CONFCB16700,납품업체단가,전-5-1⑦,COMPOSITION CONNECTOR(BARRIER TYPE CABLE GLAND)(TUBE:SUS304/GLAND:BRASS W/NICKEL),"16mm (1/2"")x700L",EA,1,27300,27300,14450,14450,,,41750,
CONFCB22700,납품업체단가,전-5-1⑦,COMPOSITION CONNECTOR(BARRIER TYPE CABLE GLAND)(TUBE:SUS304/GLAND:BRASS W/NICKEL),"22mm (3/4"")x700L",EA,1,33715,33715,19376,19376,,,53091,
CONFCB28700,납품업체단가,전-5-1⑦,COMPOSITION CONNECTOR(BARRIER TYPE CABLE GLAND)(TUBE:SUS304/GLAND:BRASS W/NICKEL),"28mm (1"")x700L",EA,1,45782,45782,23645,23645,,,69427,
CONFCB36700,납품업체단가,전-5-1⑦,COMPOSITION CONNECTOR(BARRIER TYPE CABLE GLAND)(TUBE:SUS304/GLAND:BRASS W/NICKEL),"36mm (11/4"")x700L",EA,1,64236,64236,28571,28571,,,92807,
CONFCB42700,납품업체단가,전-5-1⑦,COMPOSITION CONNECTOR(BARRIER TYPE CABLE GLAND)(TUBE:SUS304/GLAND:BRASS W/NICKEL),"42mm (11/2"")x700L",EA,1,80917,80917,34154,34154,,,115071,
CONFCB54700,납품업체단가,전-5-1⑦,COMPOSITION CONNECTOR(BARRIER TYPE CABLE GLAND)(TUBE:SUS304/GLAND:BRASS W/NICKEL),"54mm (2"")x700L",EA,1,108066,108066,44663,44663,,,152729,
CONFCB70700,납품업체단가,전-5-1⑦,COMPOSITION CONNECTOR(BARRIER TYPE CABLE GLAND)(TUBE:SUS304/GLAND:BRASS W/NICKEL),"70mm (21/2"")x700L",EA,1,232459,232459,51232,51232,,,283691,
CONFCB82700,납품업체단가,전-5-1⑦,COMPOSITION CONNECTOR(BARRIER TYPE CABLE GLAND)(TUBE:SUS304/GLAND:BRASS W/NICKEL),"82mm (3"")x700L",EA,1,294567,294567,57800,57800,,,352367,
CONFCB104700,납품업체단가,전-5-1⑦,COMPOSITION CONNECTOR(BARRIER TYPE CABLE GLAND)(TUBE:SUS304/GLAND:BRASS W/NICKEL),"104mm (4"")x700L",EA,1,477340,477340,70936,70936,,,548276,
CONFCB161000,납품업체단가,전-5-1⑦,COMPOSITION CONNECTOR(BARRIER TYPE CABLE GLAND)(TUBE:SUS304/GLAND:BRASS W/NICKEL),"16mm (1/2"")x1000L",EA,1,30221,30221,14450,14450,,,44671,
CONFCB221000,납품업체단가,전-5-1⑦,COMPOSITION CONNECTOR(BARRIER TYPE CABLE GLAND)(TUBE:SUS304/GLAND:BRASS W/NICKEL),"22mm (3/4"")x1000L",EA,1,37155,37155,19376,19376,,,56531,
CONFCB281000,납품업체단가,전-5-1⑦,COMPOSITION CONNECTOR(BARRIER TYPE CABLE GLAND)(TUBE:SUS304/GLAND:BRASS W/NICKEL),"28mm (1"")x1000L",EA,1,50190,50190,23645,23645,,,73835,
CONFCB361000,납품업체단가,전-5-1⑦,COMPOSITION CONNECTOR(BARRIER TYPE CABLE GLAND)(TUBE:SUS304/GLAND:BRASS W/NICKEL),"36mm (11/4"")x1000L",EA,1,70092,70092,28571,28571,,,98663,
CONFCB421000,납품업체단가,전-5-1⑦,COMPOSITION CONNECTOR(BARRIER TYPE CABLE GLAND)(TUBE:SUS304/GLAND:BRASS W/NICKEL),"42mm (11/2"")x1000L",EA,1,87837,87837,34154,34154,,,121991,
CONFCB541000,납품업체단가,전-5-1⑦,COMPOSITION CONNECTOR(BARRIER TYPE CABLE GLAND)(TUBE:SUS304/GLAND:BRASS W/NICKEL),"54mm (2"")x1000L",EA,1,117117,117117,44663,44663,,,161780,
CONFCB701000,납품업체단가,전-5-1⑦,COMPOSITION CONNECTOR(BARRIER TYPE CABLE GLAND)(TUBE:SUS304/GLAND:BRASS W/NICKEL),"70mm (21/2"")x1000L",EA,1,243883,243883,51232,51232,,,295115,
CONFCB821000,납품업체단가,전-5-1⑦,COMPOSITION CONNECTOR(BARRIER TYPE CABLE GLAND)(TUBE:SUS304/GLAND:BRASS W/NICKEL),"82mm (3"")x1000L",EA,1,313198,313198,57800,57800,,,370998,
CONFCB1041000,납품업체단가,전-5-1⑦,COMPOSITION CONNECTOR(BARRIER TYPE CABLE GLAND)(TUBE:SUS304/GLAND:BRASS W/NICKEL),"104mm (4"")x1000L",EA,1,510646,510646,70936,70936,,,581582,
CONPG16,납품업체단가,전-5-29,PACKING TYPE CABLE GLAND BRASS W/ELECTRO GALVANIZED,"16mm (1/2"")",EA,1,7982,7982,10947,10947,,,18929,SINGLE PACKING
CONPG22,납품업체단가,전-5-29,PACKING TYPE CABLE GLAND BRASS W/ELECTRO GALVANIZED,"22mm (3/4"")",EA,1,9412,9412,10947,10947,,,20359,SINGLE PACKING
CONPG28,납품업체단가,전-5-29,PACKING TYPE CABLE GLAND BRASS W/ELECTRO GALVANIZED,"28mm (1"")",EA,1,13234,13234,10947,10947,,,24181,SINGLE PACKING
CONPG36,납품업체단가,전-5-29,PACKING TYPE CABLE GLAND BRASS W/ELECTRO GALVANIZED,"36mm (11/4"")",EA,1,19565,19565,10947,10947,,,30512,SINGLE PACKING
CONPG42,납품업체단가,전-5-29,PACKING TYPE CABLE GLAND BRASS W/ELECTRO GALVANIZED,"42mm (11/2"")",EA,1,25636,25636,21894,21894,,,47530,SINGLE PACKING
CONPG54,납품업체단가,전-5-29,PACKING TYPE CABLE GLAND BRASS W/ELECTRO GALVANIZED,"54mm (2"")",EA,1,33800,33800,21894,21894,,,55694,SINGLE PACKING
CONPG70,납품업체단가,전-5-29,PACKING TYPE CABLE GLAND BRASS W/ELECTRO GALVANIZED,"70mm (21/2"")",EA,1,77441,77441,32841,32841,,,110282,SINGLE PACKING
CONPG82,납품업체단가,전-5-29,PACKING TYPE CABLE GLAND BRASS W/ELECTRO GALVANIZED,"82mm (3"")",EA,1,93938,93938,32841,32841,,,126779,SINGLE PACKING
CONPG104,납품업체단가,전-5-29,PACKING TYPE CABLE GLAND BRASS W/ELECTRO GALVANIZED,"104mm (4"")",EA,1,151931,151931,32841,32841,,,184772,SINGLE PACKING
CONCG16,납품업체단가,전-5-29,COMPOUND BARRIER TYPE CABLE GLAND BRASS W/ELECTRO GALVANIZED,"16mm (1/2"")",EA,1,8381,8381,10947,10947,,,19328,
CONCG22,납품업체단가,전-5-29,COMPOUND BARRIER TYPE CABLE GLAND BRASS W/ELECTRO GALVANIZED,"22mm (3/4"")",EA,1,9882,9882,10947,10947,,,20829,
CONCG28,납품업체단가,전-5-29,COMPOUND BARRIER TYPE CABLE GLAND BRASS W/ELECTRO GALVANIZED,"28mm (1"")",EA,1,13895,13895,10947,10947,,,24842,
CONCG36,납품업체단가,전-5-29,COMPOUND BARRIER TYPE CABLE GLAND BRASS W/ELECTRO GALVANIZED,"36mm (11/4"")",EA,1,20542,20542,10947,10947,,,31489,
CONCG42,납품업체단가,전-5-29,COMPOUND BARRIER TYPE CABLE GLAND BRASS W/ELECTRO GALVANIZED,"42mm (11/2"")",EA,1,26917,26917,21894,21894,,,48811,
CONCG54,납품업체단가,전-5-29,COMPOUND BARRIER TYPE CABLE GLAND BRASS W/ELECTRO GALVANIZED,"54mm (2"")",EA,1,35490,35490,21894,21894,,,57384,
CONCG70,납품업체단가,전-5-29,COMPOUND BARRIER TYPE CABLE GLAND BRASS W/ELECTRO GALVANIZED,"70mm (21/2"")",EA,1,81312,81312,32841,32841,,,114153,
CONCG82,납품업체단가,전-5-29,COMPOUND BARRIER TYPE CABLE GLAND BRASS W/ELECTRO GALVANIZED,"82mm (3"")",EA,1,98634,98634,32841,32841,,,131475,
CONCG104,납품업체단가,전-5-29,COMPOUND BARRIER TYPE CABLE GLAND BRASS W/ELECTRO GALVANIZED,"104mm (4"")",EA,1,159526,159526,32841,32841,,,192367,
CONSD16,조사중,전-5-29,SEALING DEVICE BRASS W/ELECTRO GALVANIZED,"16mm (1/2"")",EA,1,0,0,13136,13136,,,13136,
CONSD22,조사중,전-5-29,SEALING DEVICE BRASS W/ELECTRO GALVANIZED,"22mm (3/4"")",EA,1,0,0,13136,13136,,,13136,
CONSD28,조사중,전-5-29,SEALING DEVICE BRASS W/ELECTRO GALVANIZED,"28mm (1"")",EA,1,0,0,13136,13136,,,13136,
CONSD36,조사중,전-5-29,SEALING DEVICE BRASS W/ELECTRO GALVANIZED,"36mm (11/4"")",EA,1,0,0,13136,13136,,,13136,
CONSD42,조사중,전-5-29,SEALING DEVICE BRASS W/ELECTRO GALVANIZED,"42mm (11/2"")",EA,1,0,0,26272,26272,,,26272,
CONSD54,조사중,전-5-29,SEALING DEVICE BRASS W/ELECTRO GALVANIZED,"54mm (2"")",EA,1,0,0,26272,26272,,,26272,
CONSD70,조사중,전-5-29,SEALING DEVICE BRASS W/ELECTRO GALVANIZED,"70mm (21/2"")",EA,1,0,0,39409,39409,,,39409,
CONSD82,조사중,전-5-29,SEALING DEVICE BRASS W/ELECTRO GALVANIZED,"82mm (3"")",EA,1,0,0,39409,39409,,,39409,
CONSD104,조사중,전-5-29,SEALING DEVICE BRASS W/ELECTRO GALVANIZED,"104mm (4"")",EA,1,0,0,39409,39409,,,39409,
CONDP16,납품업체단가,해당없음,"DRAIN PLUG SUS304 W/ADAPTOR(""M""x""F"") STEEL W/ELECTRO GALVANIZED","16mm (1/2"")",EA,1,3900,3900,0,0,,,3900,
CONDP22,납품업체단가,해당없음,"DRAIN PLUG SUS304 W/ADAPTOR(""M""x""F"") STEEL W/ELECTRO GALVANIZED","22mm (3/4"")",EA,1,5239,5239,0,0,,,5239,
CONDP28,납품업체단가,해당없음,"DRAIN PLUG SUS304 W/ADAPTOR(""M""x""F"") STEEL W/ELECTRO GALVANIZED","28mm (1"")",EA,1,5460,5460,0,0,,,5460,
CONDP36,납품업체단가,해당없음,"DRAIN PLUG SUS304 W/ADAPTOR(""M""x""F"") STEEL W/ELECTRO GALVANIZED","36mm (11/4"")",EA,1,6266,6266,0,0,,,6266,
CONDP42,납품업체단가,해당없음,"DRAIN PLUG SUS304 W/ADAPTOR(""M""x""F"") STEEL W/ELECTRO GALVANIZED","42mm (11/2"")",EA,1,7163,7163,0,0,,,7163,
CONDP54,납품업체단가,해당없음,"DRAIN PLUG SUS304 W/ADAPTOR(""M""x""F"") STEEL W/ELECTRO GALVANIZED","54mm (2"")",EA,1,8736,8736,0,0,,,8736,
CONDP70,납품업체단가,해당없음,"DRAIN PLUG SUS304 W/ADAPTOR(""M""x""F"") STEEL W/ELECTRO GALVANIZED","70mm (21/2"")",EA,1,12220,12220,0,0,,,12220,
CONDP82,납품업체단가,해당없음,"DRAIN PLUG SUS304 W/ADAPTOR(""M""x""F"") STEEL W/ELECTRO GALVANIZED","82mm (3"")",EA,1,15964,15964,0,0,,,15964,
CONDP104,납품업체단가,해당없음,"DRAIN PLUG SUS304 W/ADAPTOR(""M""x""F"") STEEL W/ELECTRO GALVANIZED","104mm (4"")",EA,1,22490,22490,0,0,,,22490,
CONP16,납품업체단가,해당없음,CONDUIT PLUG ALUMINUM DIE CASTING W/ORING GASKET,"16mm (1/2"")",EA,1,572,572,0,0,,,572,
CONP22,납품업체단가,해당없음,CONDUIT PLUG ALUMINUM DIE CASTING W/ORING GASKET,"22mm (3/4"")",EA,1,624,624,0,0,,,624,
CONP28,납품업체단가,해당없음,CONDUIT PLUG ALUMINUM DIE CASTING W/ORING GASKET,"28mm (1"")",EA,1,988,988,0,0,,,988,
CONP36,납품업체단가,해당없음,CONDUIT PLUG ALUMINUM DIE CASTING W/ORING GASKET,"36mm (11/4"")",EA,1,1417,1417,0,0,,,1417,
CONP42,납품업체단가,해당없음,CONDUIT PLUG ALUMINUM DIE CASTING W/ORING GASKET,"42mm (11/2"")",EA,1,1768,1768,0,0,,,1768,
CONP54,납품업체단가,해당없음,CONDUIT PLUG ALUMINUM DIE CASTING W/ORING GASKET,"54mm (2"")",EA,1,2158,2158,0,0,,,2158,
CONP70,납품업체단가,해당없음,CONDUIT PLUG ALUMINUM DIE CASTING W/ORING GASKET,"70mm (21/2"")",EA,1,4251,4251,0,0,,,4251,
CONP82,납품업체단가,해당없음,CONDUIT PLUG ALUMINUM DIE CASTING W/ORING GASKET,"82mm (3"")",EA,1,6656,6656,0,0,,,6656,
CONP104,납품업체단가,해당없음,CONDUIT PLUG ALUMINUM DIE CASTING W/ORING GASKET,"104mm (4"")",EA,1,8411,8411,0,0,,,8411,
CONP16,납품업체단가,해당없음,BUSHING ZINC W/ELECTRO GALVANIZED,"16mm (1/2"")",EA,1,182,182,0,0,,,182,
CONP22,납품업체단가,해당없음,BUSHING ZINC W/ELECTRO GALVANIZED,"22mm (3/4"")",EA,1,260,260,0,0,,,260,
CONP28,납품업체단가,해당없음,BUSHING ZINC W/ELECTRO GALVANIZED,"28mm (1"")",EA,1,429,429,0,0,,,429,
CONP36,납품업체단가,해당없음,BUSHING ZINC W/ELECTRO GALVANIZED,"36mm (11/4"")",EA,1,650,650,0,0,,,650,
CONP42,납품업체단가,해당없음,BUSHING ZINC W/ELECTRO GALVANIZED,"42mm (11/2"")",EA,1,871,871,0,0,,,871,
CONP54,납품업체단가,해당없음,BUSHING ZINC W/ELECTRO GALVANIZED,"54mm (2"")",EA,1,1235,1235,0,0,,,1235,
CONP70,납품업체단가,해당없음,BUSHING ZINC W/ELECTRO GALVANIZED,"70mm (21/2"")",EA,1,2119,2119,0,0,,,2119,
CONP82,납품업체단가,해당없음,BUSHING ZINC W/ELECTRO GALVANIZED,"82mm (3"")",EA,1,3341,3341,0,0,,,3341,
CONP104,납품업체단가,해당없음,BUSHING ZINC W/ELECTRO GALVANIZED,"104mm (4"")",EA,1,6123,6123,0,0,,,6123,
CONLN16,납품업체단가,해당없음,LOCK NUT STEEL W/ELECTRO GALVANIZED,"16mm (1/2"")",EA,1,117,117,0,0,,,117,
CONLN22,납품업체단가,해당없음,LOCK NUT STEEL W/ELECTRO GALVANIZED,"22mm (3/4"")",EA,1,156,156,0,0,,,156,
CONLN28,납품업체단가,해당없음,LOCK NUT STEEL W/ELECTRO GALVANIZED,"28mm (1"")",EA,1,286,286,0,0,,,286,
CONLN36,납품업체단가,해당없음,LOCK NUT STEEL W/ELECTRO GALVANIZED,"36mm (11/4"")",EA,1,416,416,0,0,,,416,
CONLN42,납품업체단가,해당없음,LOCK NUT STEEL W/ELECTRO GALVANIZED,"42mm (11/2"")",EA,1,559,559,0,0,,,559,
CONLN54,납품업체단가,해당없음,LOCK NUT STEEL W/ELECTRO GALVANIZED,"54mm (2"")",EA,1,897,897,0,0,,,897,
CONLN70,납품업체단가,해당없음,LOCK NUT STEEL W/ELECTRO GALVANIZED,"70mm (21/2"")",EA,1,1508,1508,0,0,,,1508,
CONLN82,납품업체단가,해당없음,LOCK NUT STEEL W/ELECTRO GALVANIZED,"82mm (3"")",EA,1,1976,1976,0,0,,,1976,
CONLN104,납품업체단가,해당없음,LOCK NUT STEEL W/ELECTRO GALVANIZED,"104mm (4"")",EA,1,2691,2691,0,0,,,2691,
CONC16,납품업체단가,해당없음,CONDUIT COUPLING STEEL W/ELECTRO GALVANIZED,"16mm (1/2"")",EA,1,494,494,0,0,,,494,
CONC22,납품업체단가,해당없음,CONDUIT COUPLING STEEL W/ELECTRO GALVANIZED,"22mm (3/4"")",EA,1,676,676,0,0,,,676,
CONC28,납품업체단가,해당없음,CONDUIT COUPLING STEEL W/ELECTRO GALVANIZED,"28mm (1"")",EA,1,988,988,0,0,,,988,
CONC36,납품업체단가,해당없음,CONDUIT COUPLING STEEL W/ELECTRO GALVANIZED,"36mm (11/4"")",EA,1,1443,1443,0,0,,,1443,
CONC42,납품업체단가,해당없음,CONDUIT COUPLING STEEL W/ELECTRO GALVANIZED,"42mm (11/2"")",EA,1,1651,1651,0,0,,,1651,
CONC54,납품업체단가,해당없음,CONDUIT COUPLING STEEL W/ELECTRO GALVANIZED,"54mm (2"")",EA,1,2574,2574,0,0,,,2574,
CONC70,납품업체단가,해당없음,CONDUIT COUPLING STEEL W/ELECTRO GALVANIZED,"70mm (21/2"")",EA,1,4654,4654,0,0,,,4654,
CONC82,납품업체단가,해당없음,CONDUIT COUPLING STEEL W/ELECTRO GALVANIZED,"82mm (3"")",EA,1,6409,6409,0,0,,,6409,
CONC104,납품업체단가,해당없음,CONDUIT COUPLING STEEL W/ELECTRO GALVANIZED,"104mm (4"")",EA,1,9477,9477,0,0,,,9477,
CONN16,납품업체단가,전-5-1⑦,NORMAL BEND STEEL W/H.D.G,"16mm (1/2"")",EA,1,3211,3211,26272,26272,,,29483,PF THREAD
CONN22,납품업체단가,전-5-1⑦,NORMAL BEND STEEL W/H.D.G,"22mm (3/4"")",EA,1,3783,3783,36125,36125,,,39908,PF THREAD
CONN28,납품업체단가,전-5-1⑦,NORMAL BEND STEEL W/H.D.G,"28mm (1"")",EA,1,5590,5590,45977,45977,,,51567,PF THREAD
CONN36,납품업체단가,전-5-1⑦,NORMAL BEND STEEL W/H.D.G,"36mm (11/4"")",EA,1,7696,7696,65682,65682,,,73378,PF THREAD
CONN42,납품업체단가,전-5-1⑦,NORMAL BEND STEEL W/H.D.G,"42mm (11/2"")",EA,1,9971,9971,82102,82102,,,92073,PF THREAD
CONN54,납품업체단가,전-5-1⑦,NORMAL BEND STEEL W/H.D.G,"54mm (2"")",EA,1,15041,15041,111659,111659,,,126700,PF THREAD
CONN70,납품업체단가,전-5-1⑦,NORMAL BEND STEEL W/H.D.G,"70mm (21/2"")",EA,1,24336,24336,144500,144500,,,168836,PF THREAD
CONN82,납품업체단가,전-5-1⑦,NORMAL BEND STEEL W/H.D.G,"82mm (3"")",EA,1,33293,33293,177342,177342,,,210635,PF THREAD
CONN104,납품업체단가,전-5-1⑦,NORMAL BEND STEEL W/H.D.G,"104mm (4"")",EA,1,66755,66755,233171,233171,,,299926,PF THREAD
CONCL16,납품업체단가,해당없음,CODNUIT CLAMP W/H.D.G,"16mm (1/2"")",EA,1,533,533,0,0,,,533,
CONCL22,납품업체단가,해당없음,CODNUIT CLAMP W/H.D.G,"22mm (3/4"")",EA,1,559,559,0,0,,,559,
CONCL28,납품업체단가,해당없음,CODNUIT CLAMP W/H.D.G,"28mm (1"")",EA,1,663,663,0,0,,,663,
CONCL36,납품업체단가,해당없음,CODNUIT CLAMP W/H.D.G,"36mm (11/4"")",EA,1,806,806,0,0,,,806,
CONCL42,납품업체단가,해당없음,CODNUIT CLAMP W/H.D.G,"42mm (11/2"")",EA,1,949,949,0,0,,,949,
CONCL54,납품업체단가,해당없음,CODNUIT CLAMP W/H.D.G,"54mm (2"")",EA,1,1066,1066,0,0,,,1066,
CONCL70,납품업체단가,해당없음,CODNUIT CLAMP W/H.D.G,"70mm (21/2"")",EA,1,1326,1326,0,0,,,1326,
CONCL82,납품업체단가,해당없음,CODNUIT CLAMP W/H.D.G,"82mm (3"")",EA,1,1560,1560,0,0,,,1560,
CONCL104,납품업체단가,해당없음,CODNUIT CLAMP W/H.D.G,"104mm (4"")",EA,1,2093,2093,0,0,,,2093,
TCON19,조사단가평균,전-5-1,THREADLESS STEEL CONDUIT W/H.D.G,E19,M,1,2620,2620,13683,13683,,,16303,
TCON25,조사단가평균,전-5-1,THREADLESS STEEL CONDUIT W/H.D.G,E25,M,1,3400,3400,16420,16420,,,19820,
TCON31,조사단가평균,전-5-1,THREADLESS STEEL CONDUIT W/H.D.G,E31,M,1,4592,4592,21894,21894,,,26486,
TCON39,조사단가평균,전-5-1,THREADLESS STEEL CONDUIT W/H.D.G,E39,M,1,5799,5799,27367,27367,,,33166,
TCON51,조사단가평균,전-5-1,THREADLESS STEEL CONDUIT W/H.D.G,E51,M,1,7722,7722,35577,35577,,,43299,
TCON63,조사단가평균,전-5-1,THREADLESS STEEL CONDUIT W/H.D.G,E63,M,1,11005,11005,51998,51998,,,63003,
TCON75,조사단가평균,전-5-1,THREADLESS STEEL CONDUIT W/H.D.G,E75,M,1,13924,13924,76629,76629,,,90553,
TCONCB19,조사단가평균,해당없음,THREADLESS STEEL CONDUIT COUPLING(BOLT TYPE),E19,EA,1,1003,1003,0,0,,,1003,
TCONCB25,조사단가평균,해당없음,THREADLESS STEEL CONDUIT COUPLING(BOLT TYPE),E25,EA,1,1176,1176,0,0,,,1176,
TCONCB31,조사단가평균,해당없음,THREADLESS STEEL CONDUIT COUPLING(BOLT TYPE),E31,EA,1,1438,1438,0,0,,,1438,
TCONCB39,조사단가평균,해당없음,THREADLESS STEEL CONDUIT COUPLING(BOLT TYPE),E39,EA,1,2127,2127,0,0,,,2127,
TCONCB51,조사단가평균,해당없음,THREADLESS STEEL CONDUIT COUPLING(BOLT TYPE),E51,EA,1,3129,3129,0,0,,,3129,
TCONCB63,조사단가평균,해당없음,THREADLESS STEEL CONDUIT COUPLING(BOLT TYPE),E63,EA,1,4272,4272,0,0,,,4272,
TCONCB75,조사단가평균,해당없음,THREADLESS STEEL CONDUIT COUPLING(BOLT TYPE),E75,EA,1,5334,5334,0,0,,,5334,
TCONCNB19,조사단가평균,해당없음,THREADLESS STEEL CONDUIT CONNECTOR(BOLT TYPE),E19,EA,1,1313,1313,0,0,,,1313,
TCONCNB25,조사단가평균,해당없음,THREADLESS STEEL CONDUIT CONNECTOR(BOLT TYPE),E25,EA,1,1484,1484,0,0,,,1484,
TCONCNB31,조사단가평균,해당없음,THREADLESS STEEL CONDUIT CONNECTOR(BOLT TYPE),E31,EA,1,1788,1788,0,0,,,1788,
TCONCNB39,조사단가평균,해당없음,THREADLESS STEEL CONDUIT CONNECTOR(BOLT TYPE),E39,EA,1,2285,2285,0,0,,,2285,
TCONCNB51,조사단가평균,해당없음,THREADLESS STEEL CONDUIT CONNECTOR(BOLT TYPE),E51,EA,1,3581,3581,0,0,,,3581,
TCONCNB63,조사단가평균,해당없음,THREADLESS STEEL CONDUIT CONNECTOR(BOLT TYPE),E63,EA,1,4502,4502,0,0,,,4502,
TCONCNB75,조사단가평균,해당없음,THREADLESS STEEL CONDUIT CONNECTOR(BOLT TYPE),E75,EA,1,5811,5811,0,0,,,5811,
TCONCO19,조사단가평균,해당없음,THREADLESS STEEL CONDUIT COUPLING(ONE TOUCH),E19,EA,1,4934,4934,0,0,,,4934,
TCONCO25,조사단가평균,해당없음,THREADLESS STEEL CONDUIT COUPLING(ONE TOUCH),E25,EA,1,5233,5233,0,0,,,5233,
TCONCO31,조사단가평균,해당없음,THREADLESS STEEL CONDUIT COUPLING(ONE TOUCH),E31,EA,1,6304,6304,0,0,,,6304,
TCONCO39,조사단가평균,해당없음,THREADLESS STEEL CONDUIT COUPLING(ONE TOUCH),E39,EA,1,8236,8236,0,0,,,8236,
TCONCO51,조사단가평균,해당없음,THREADLESS STEEL CONDUIT COUPLING(ONE TOUCH),E51,EA,1,12602,12602,0,0,,,12602,
TCONCO63,조사단가평균,해당없음,THREADLESS STEEL CONDUIT COUPLING(ONE TOUCH),E63,EA,1,14461,14461,0,0,,,14461,
TCONCO75,조사단가평균,해당없음,THREADLESS STEEL CONDUIT COUPLING(ONE TOUCH),E75,EA,1,17120,17120,0,0,,,17120,
TCONCNO19,조사단가평균,해당없음,THREADLESS STEEL CONDUIT CONNECTOR(ONE TOUCH),E19,EA,1,4080,4080,0,0,,,4080,
TCONCNO25,조사단가평균,해당없음,THREADLESS STEEL CONDUIT CONNECTOR(ONE TOUCH),E25,EA,1,4378,4378,0,0,,,4378,
TCONCNO31,조사단가평균,해당없음,THREADLESS STEEL CONDUIT CONNECTOR(ONE TOUCH),E31,EA,1,5388,5388,0,0,,,5388,
TCONCNO39,조사단가평균,해당없음,THREADLESS STEEL CONDUIT CONNECTOR(ONE TOUCH),E39,EA,1,6610,6610,0,0,,,6610,
TCONCNO51,조사단가평균,해당없음,THREADLESS STEEL CONDUIT CONNECTOR(ONE TOUCH),E51,EA,1,9453,9453,0,0,,,9453,
TCONCNO63,조사단가평균,해당없음,THREADLESS STEEL CONDUIT CONNECTOR(ONE TOUCH),E63,EA,1,11662,11662,0,0,,,11662,
TCONCNO75,조사단가평균,해당없음,THREADLESS STEEL CONDUIT CONNECTOR(ONE TOUCH),E75,EA,1,14424,14424,0,0,,,14424,
TCONN19,조사단가평균,전-5-1,THREADLESS STEEL CONDUIT NORMAL BEND,E19,EA,1,2154,2154,13683,13683,,,15837,
TCONN25,조사단가평균,전-5-1,THREADLESS STEEL CONDUIT NORMAL BEND,E25,EA,1,2982,2982,16420,16420,,,19402,
TCONN31,조사단가평균,전-5-1,THREADLESS STEEL CONDUIT NORMAL BEND,E31,EA,1,4074,4074,21894,21894,,,25968,
TCONN39,조사단가평균,전-5-1,THREADLESS STEEL CONDUIT NORMAL BEND,E39,EA,1,5586,5586,27367,27367,,,32953,
TCONN51,조사단가평균,전-5-1,THREADLESS STEEL CONDUIT NORMAL BEND,E51,EA,1,8195,8195,35577,35577,,,43772,
TCONN63,조사단가평균,전-5-1,THREADLESS STEEL CONDUIT NORMAL BEND,E63,EA,1,12291,12291,51998,51998,,,64289,
TCONN75,조사단가평균,전-5-1,THREADLESS STEEL CONDUIT NORMAL BEND,E75,EA,1,19916,19916,76629,76629,,,96545,
HPP16,조사단가평균,전-5-1,HI-PVC PIPE,"16mm (1/2"")",M,1,395,395,13683,13683,,,14078,
HPP22,조사단가평균,전-5-1,HI-PVC PIPE,"22mm (3/4"")",M,1,472,472,16420,16420,,,16892,
HPP28,조사단가평균,전-5-1,HI-PVC PIPE,"28mm (1"")",M,1,909,909,21894,21894,,,22803,
HPP36,조사단가평균,전-5-1,HI-PVC PIPE,"36mm (11/4"")",M,1,1389,1389,27367,27367,,,28756,
HPP42,조사단가평균,전-5-1,HI-PVC PIPE,"42mm (11/2"")",M,1,1693,1693,35577,35577,,,37270,
HPP54,조사단가평균,전-5-1,HI-PVC PIPE,"54mm (2"")",M,1,2323,2323,51998,51998,,,54321,
HPP70,조사단가평균,전-5-1,HI-PVC PIPE,"70mm (21/2"")",M,1,3232,3232,76629,76629,,,79861,
HPP82,조사단가평균,전-5-1,HI-PVC PIPE,"82mm (3"")",M,1,4751,4751,101260,101260,,,106011,
HPP104,조사단가평균,전-5-1,HI-PVC PIPE,"104mm (4"")",M,1,5863,5863,125890,125890,,,131753,
CD16,납품업체단가,전-5-1⑧,CD PIPE(난연),"16mm (1/2"")",M,1,403,403,10947,10947,,,11350,
CD22,납품업체단가,전-5-1⑧,CD PIPE(난연),"22mm (3/4"")",M,1,604,604,13136,13136,,,13740,
CD28,납품업체단가,전-5-1⑧,CD PIPE(난연),"28mm (1"")",M,1,806,806,17515,17515,,,18321,
CD36,납품업체단가,전-5-1⑧,CD PIPE(난연),"36mm (11/4"")",M,1,1378,1378,21894,21894,,,23272,
CD42,납품업체단가,전-5-1⑧,CD PIPE(난연),"42mm (11/2"")",M,1,1742,1742,28462,28462,,,30204,
GW16,조사단가평균,전-5-1,GW FLEXIBLE,"16mm (1/2"")",M,1,581,581,12041,12041,,,12622,
GW22,조사단가평균,전-5-1,GW FLEXIBLE,"22mm (3/4"")",M,1,1099,1099,16146,16146,,,17245,
GW28,조사단가평균,전-5-1,GW FLEXIBLE,"28mm (1"")",M,1,1346,1346,19704,19704,,,21050,
GW36,조사단가평균,전-5-1,GW FLEXIBLE,"36mm (11/4"")",M,1,1689,1689,23809,23809,,,25498,
GW42,조사단가평균,전-5-1,GW FLEXIBLE,"42mm (11/2"")",M,1,2731,2731,28462,28462,,,31193,
GW54,조사단가평균,전-5-1,GW FLEXIBLE,"54mm (2"")",M,1,3526,3526,37219,37219,,,40745,
GW70,조사단가평균,전-5-1,GW FLEXIBLE,"70mm (21/2"")",M,1,6442,6442,42693,42693,,,49135,
GW82,조사단가평균,전-5-1,GW FLEXIBLE,"82mm (3"")",M,1,8248,8248,48166,48166,,,56414,
GW104,조사단가평균,전-5-1,GW FLEXIBLE,"104mm (4"")",M,1,12693,12693,59114,59114,,,71807,
ELP30,조사단가평균,전4-31,ELP PIPE,30MM,M,1,355,355,4898,4898,,,5253,
ELP40,조사단가평균,전4-31,ELP PIPE,40MM,M,1,536,536,6002,6002,,,6538,
ELP50,조사단가평균,전4-31,ELP PIPE,50MM,M,1,726,726,6002,6002,,,6728,
ELP65,조사단가평균,전4-31,ELP PIPE,65MM,M,1,1058,1058,7520,7520,,,8578,
ELP80,조사단가평균,전4-31,ELP PIPE,80MM,M,1,1487,1487,7520,7520,,,9007,
ELP100,조사단가평균,전4-31,ELP PIPE,100MM,M,1,1995,1995,11174,11174,,,13169,
ELP125,조사단가평균,전4-31,ELP PIPE,125MM,M,1,3102,3102,14898,14898,,,18000,
ELP150,조사단가평균,전4-31,ELP PIPE,150MM,M,1,3921,3921,18552,18552,,,22473,
ELP175,조사단가평균,전4-31,ELP PIPE,175MM,M,1,7716,7716,22277,22277,,,29993,
ELP200,조사단가평균,전4-31,ELP PIPE,200MM,M,1,8029,8029,24483,24483,,,32512,
CNCO60,조사단가평균,전5-11⑨,22.9KV FR-CN/CO-W CABLE,1Cx60SQ,M,1,22028,22028,28067,28067,,,50095,3사
CNCO100,조사단가평균,전5-11⑨,22.9KV FR-CN/CO-W CABLE,1Cx100SQ,M,1,38039,38039,40668,40668,,,78707,3사
CNCO150,조사단가평균,전5-11⑨,22.9KV FR-CN/CO-W CABLE,1Cx150SQ,M,1,51781,51781,55561,55561,,,107342,3사
CNCO200,조사단가평균,전5-11⑨,22.9KV FR-CN/CO-W CABLE,1Cx200SQ,M,1,64324,64324,67017,67017,,,131341,3사
CNCO250,조사단가평균,전5-11⑨,22.9KV FR-CN/CO-W CABLE,1Cx250SQ,M,1,79185,79185,77900,77900,,,157085,3사
CNCO325,조사단가평균,전5-11⑨,22.9KV FR-CN/CO-W CABLE,1Cx325SQ,M,1,93125,93125,98521,98521,,,191646,3사
CNCO400,조사단가평균,전5-11⑨,22.9KV FR-CN/CO-W CABLE,1Cx400SQ,M,1,119108,119108,117424,117424,,,236532,3사
CNCO500,조사단가평균,전5-11⑨,22.9KV FR-CN/CO-W CABLE,1Cx500SQ,M,1,146491,146491,137472,137472,,,283963,3사
CNCO600,조사단가평균,전5-11⑨,22.9KV FR-CN/CO-W CABLE,1Cx600SQ,M,1,170066,170066,163248,163248,,,333314,3사
6.6CV1C95,조사단가평균,전5-11⑨,6/10KV TFR-CV CABLE,1Cx95SQ,M,1,22887,22887,30507,30507,,,53394,3사
6.6CV1C120,조사단가평균,전5-11⑨,6/10KV TFR-CV CABLE,1Cx120SQ,M,1,28058,28058,36093,36093,,,64151,3사
6.6CV1C150,조사단가평균,전5-11⑨,6/10KV TFR-CV CABLE,1Cx150SQ,M,1,32603,32603,41679,41679,,,74282,3사
6.6CV1C185,조사단가평균,전5-11⑨,6/10KV TFR-CV CABLE,1Cx185SQ,M,1,40902,40902,46406,46406,,,87308,3사
6.6CV1C240,조사단가평균,전5-11⑨,6/10KV TFR-CV CABLE,1Cx240SQ,M,1,50357,50357,58437,58437,,,108794,3사
6.6CV1C300,조사단가평균,전5-11⑨,6/10KV TFR-CV CABLE,1Cx300SQ,M,1,63109,63109,68320,68320,,,131429,3사
6.6CV1C400,조사단가평균,전5-11⑨,6/10KV TFR-CV CABLE,1Cx400SQ,M,1,92205,92205,88085,88085,,,180290,3사
6.6CV1C500,조사단가평균,전5-11⑨,6/10KV TFR-CV CABLE,1Cx500SQ,M,1,116992,116992,103124,103124,,,220116,3사
6.6CV1C630,조사단가평균,전5-11⑨,6/10KV TFR-CV CABLE,1Cx630SQ,M,1,148204,148204,122460,122460,,,270664,3사
6.6CV3C35,조사단가평균,전5-11⑨,6/10KV TFR-CV CABLE,3Cx35SQ,M,1,35376,35376,28919,28919,,,64295,3사
6.6CV3C50,조사단가평균,전5-11⑨,6/10KV TFR-CV CABLE,3Cx50SQ,M,1,44364,44364,34543,34543,,,78907,3사
6.6CV3C70,조사단가평균,전5-11⑨,6/10KV TFR-CV CABLE,3Cx70SQ,M,1,57553,57553,45789,45789,,,103342,3사
6.6CV3C95,조사단가평균,전5-11⑨,6/10KV TFR-CV CABLE,3Cx95SQ,M,1,73045,73045,57036,57036,,,130081,3사
6.6CV3C120,조사단가평균,전5-11⑨,6/10KV TFR-CV CABLE,3Cx120SQ,M,1,92192,92192,67479,67479,,,159671,3사
6.6CV3C150,조사단가평균,전5-11⑨,6/10KV TFR-CV CABLE,3Cx150SQ,M,1,107452,107452,77922,77922,,,185374,3사
6.6CV3C185,조사단가평균,전5-11⑨,6/10KV TFR-CV CABLE,3Cx185SQ,M,1,131110,131110,83545,83545,,,214655,3사
6.6CV3C240,조사단가평균,전5-11⑨,6/10KV TFR-CV CABLE,3Cx240SQ,M,1,157802,157802,109252,109252,,,267054,3사
CV1C70,조사단가평균,전5-11,0.6/1KV TFR-CV CABLE,1Cx70SQ,M,1,15858,15858,17336,17336,,,33194,3사
CV1C95,조사단가평균,전5-11,0.6/1KV TFR-CV CABLE,1Cx95SQ,M,1,19949,19949,21595,21595,,,41544,3사
CV1C120,조사단가평균,전5-11,0.6/1KV TFR-CV CABLE,1Cx120SQ,M,1,24673,24673,25549,25549,,,50222,3사
CV1C150,조사단가평균,전5-11,0.6/1KV TFR-CV CABLE,1Cx150SQ,M,1,28702,28702,29503,29503,,,58205,3사
CV1C185,조사단가평균,전5-11,0.6/1KV TFR-CV CABLE,1Cx185SQ,M,1,35673,35673,32848,32848,,,68521,3사
CV1C240,조사단가평균,전5-11,0.6/1KV TFR-CV CABLE,1Cx240SQ,M,1,47378,47378,41365,41365,,,88743,3사
CV1C300,조사단가평균,전5-11,0.6/1KV TFR-CV CABLE,1Cx300SQ,M,1,59751,59751,48360,48360,,,108111,3사
CV1C400,조사단가평균,전5-11,0.6/1KV TFR-CV CABLE,1Cx400SQ,M,1,85768,85768,62351,62351,,,148119,3사
CV1C500,조사단가평균,전5-11,0.6/1KV TFR-CV CABLE,1Cx500SQ,M,1,105490,105490,72997,72997,,,178487,3사
CV1C630,조사단가평균,전5-11,0.6/1KV TFR-CV CABLE,1Cx630SQ,M,1,130893,130893,86684,86684,,,217577,3사
CV2C4,조사단가평균,전5-13,0.6/1KV TFR-CV CABLE,2Cx4SQ,M,1,2661,2661,4866,4866,,,7527,3사
CV2C6,조사단가평균,전5-13,0.6/1KV TFR-CV CABLE,2Cx6SQ,M,1,3715,3715,5474,5474,,,9189,3사
CV2C10,조사단가평균,전5-13,0.6/1KV TFR-CV CABLE,2Cx10SQ,M,1,5429,5429,7603,7603,,,13032,3사
CV2C16,조사단가평균,전5-13④,0.6/1KV TFR-CV CABLE,2Cx16SQ,M,1,8584,8584,9793,9793,,,18377,3사
CV2C25,조사단가평균,전5-13④,0.6/1KV TFR-CV CABLE,2Cx25SQ,M,1,13067,13067,12774,12774,,,25841,3사
CV2C35,조사단가평균,전5-13④,0.6/1KV TFR-CV CABLE,2Cx35SQ,M,1,17818,17818,15329,15329,,,33147,3사
CV2C50,조사단가평균,전5-13④,0.6/1KV TFR-CV CABLE,2Cx50SQ,M,1,23408,23408,18310,18310,,,41718,3사
CV2C70,조사단가평균,전5-13④,0.6/1KV TFR-CV CABLE,2Cx70SQ,M,1,32642,32642,24271,24271,,,56913,3사
CV2C95,조사단가평균,전5-13④,0.6/1KV TFR-CV CABLE,2Cx95SQ,M,1,41141,41141,30233,30233,,,71374,3사
CV2C150,조사단가평균,전5-13④,0.6/1KV TFR-CV CABLE,2Cx150SQ,M,1,63622,63622,41304,41304,,,104926,3사
CV2C185,조사단가평균,전5-13④,0.6/1KV TFR-CV CABLE,2Cx185SQ,M,1,80736,80736,45988,45988,,,126724,3사
CV2C240,조사단가평균,전5-13④,0.6/1KV TFR-CV CABLE,2Cx240SQ,M,1,103060,103060,57911,57911,,,160971,3사
CV3C4,조사단가평균,전5-13,0.6/1KV TFR-CV CABLE,3Cx4SQ,M,1,3689,3689,6691,6691,,,10380,3사
CV3C6,조사단가평균,전5-13,0.6/1KV TFR-CV CABLE,3Cx6SQ,M,1,5087,5087,7908,7908,,,12995,3사
CV3C10,조사단가평균,전5-13,0.6/1KV TFR-CV CABLE,3Cx10SQ,M,1,8055,8055,10949,10949,,,19004,3사
CV3C16,조사단가평균,전5-13④,0.6/1KV TFR-CV CABLE,3Cx16SQ,M,1,11725,11725,13991,13991,,,25716,3사
CV3C25,조사단가평균,전5-13④,0.6/1KV TFR-CV CABLE,3Cx25SQ,M,1,18586,18586,18249,18249,,,36835,3사
CV3C35,조사단가평균,전5-13④,0.6/1KV TFR-CV CABLE,3Cx35SQ,M,1,24591,24591,21899,21899,,,46490,3사
CV3C50,조사단가평균,전5-13④,0.6/1KV TFR-CV CABLE,3Cx50SQ,M,1,33594,33594,26157,26157,,,59751,3사
CV3C70,조사단가평균,전5-13④,0.6/1KV TFR-CV CABLE,3Cx70SQ,M,1,47903,47903,34673,34673,,,82576,3사
CV3C95,조사단가평균,전5-13④,0.6/1KV TFR-CV CABLE,3Cx95SQ,M,1,61224,61224,43190,43190,,,104414,3사
CV3C120,조사단가평균,전5-13④,0.6/1KV TFR-CV CABLE,3Cx120SQ,M,1,73650,73650,51098,51098,,,124748,3사
CV3C150,조사단가평균,전5-13④,0.6/1KV TFR-CV CABLE,3Cx150SQ,M,1,89890,89890,59006,59006,,,148896,3사
CV3C185,조사단가평균,전5-13④,0.6/1KV TFR-CV CABLE,3Cx185SQ,M,1,115471,115471,65697,65697,,,181168,3사
CV3C240,조사단가평균,전5-13④,0.6/1KV TFR-CV CABLE,3Cx240SQ,M,1,146321,146321,82730,82730,,,229051,3사
CV3C300,조사단가평균,전5-13④,0.6/1KV TFR-CV CABLE,3Cx300SQ,M,1,189159,189159,96721,96721,,,285880,3사
CV4C4,조사단가평균,전5-13,0.6/1KV TFR-CV CABLE,4Cx4SQ,M,1,4587,4587,8820,8820,,,13407,3사
CV4C6,조사단가평균,전5-13,0.6/1KV TFR-CV CABLE,4Cx6SQ,M,1,6262,6262,10341,10341,,,16603,3사
CV4C10,조사단가평균,전5-13,0.6/1KV TFR-CV CABLE,4Cx10SQ,M,1,10342,10342,14903,14903,,,25245,3사
CV4C16,조사단가평균,전5-13④,0.6/1KV TFR-CV CABLE,4Cx16SQ,M,1,15969,15969,18188,18188,,,34157,3사
CV4C25,조사단가평균,전5-13④,0.6/1KV TFR-CV CABLE,4Cx25SQ,M,1,23995,23995,23724,23724,,,47719,3사
CV4C35,조사단가평균,전5-13④,0.6/1KV TFR-CV CABLE,4Cx35SQ,M,1,32909,32909,28469,28469,,,61378,3사
CV4C50,조사단가평균,전5-13④,0.6/1KV TFR-CV CABLE,4Cx50SQ,M,1,45998,45998,34004,34004,,,80002,3사
CV4C70,조사단가평균,전5-13④,0.6/1KV TFR-CV CABLE,4Cx70SQ,M,1,62371,62371,45075,45075,,,107446,3사
CV4C95,조사단가평균,전5-13④,0.6/1KV TFR-CV CABLE,4Cx95SQ,M,1,78136,78136,56147,56147,,,134283,3사
CV4C120,조사단가평균,전5-13④,0.6/1KV TFR-CV CABLE,4Cx120SQ,M,1,101189,101189,66427,66427,,,167616,3사
CV4C185,조사단가평균,전5-13④,0.6/1KV TFR-CV CABLE,4Cx185SQ,M,1,151306,151306,85407,85407,,,236713,3사
CV4C240,조사단가평균,전5-13④,0.6/1KV TFR-CV CABLE,4Cx240SQ,M,1,199772,199772,107549,107549,,,307321,3사
CVV2C1.5,조사단가평균,전5-13,0.6/1KV TFR-CVV CABLE,2Cx1.5SQ,M,1,2021,2021,4258,4258,,,6279,3사
CVV3C1.5,조사단가평균,전5-13,0.6/1KV TFR-CVV CABLE,3Cx1.5SQ,M,1,2523,2523,5778,5778,,,8301,3사
CVV4C1.5,조사단가평균,전5-13,0.6/1KV TFR-CVV CABLE,4Cx1.5SQ,M,1,2921,2921,7908,7908,,,10829,3사
CVV5C1.5,조사단가평균,전5-13,0.6/1KV TFR-CVV CABLE,5Cx1.5SQ,M,1,3590,3590,9732,9732,,,13322,3사
CVV6C1.5,조사단가평균,전5-13,0.6/1KV TFR-CVV CABLE,6Cx1.5SQ,M,1,4271,4271,10645,10645,,,14916,3사
CVV7C1.5,조사단가평균,전5-13,0.6/1KV TFR-CVV CABLE,7Cx1.5SQ,M,1,4519,4519,11862,11862,,,16381,3사
CVV12C1.5,조사단가평균,전5-13,0.6/1KV TFR-CVV CABLE,12Cx1.5SQ,M,1,7220,7220,16424,16424,,,23644,3사
CVV15C1.5,조사단가평균,전5-13,0.6/1KV TFR-CVV CABLE,15Cx1.5SQ,M,1,8410,8410,18857,18857,,,27267,3사
CVV20C1.5,조사단가평균,전5-13,0.6/1KV TFR-CVV CABLE,20Cx1.5SQ,M,1,10806,10806,22507,22507,,,33313,3사
CVV25C1.5,조사단가평균,전5-13,0.6/1KV TFR-CVV CABLE,25Cx1.5SQ,M,1,13332,13332,29807,29807,,,43139,3사
CVV30C1.5,조사단가평균,전5-13,0.6/1KV TFR-CVV CABLE,30Cx1.5SQ,M,1,15370,15370,29807,29807,,,45177,3사
CVV40C1.5,조사단가평균,전5-13,0.6/1KV TFR-CVV CABLE,40Cx1.5SQ,M,1,21227,21227,34065,34065,,,55292,3사
CVV50C1.5,조사단가평균,전5-13,0.6/1KV TFR-CVV CABLE,50Cx1.5SQ,M,1,25618,25618,34065,34065,,,59683,3사
CVV2C2.5,조사단가평균,전5-13,0.6/1KV TFR-CVV CABLE,2Cx2.5SQ,M,1,2479,2479,4258,4258,,,6737,3사
CVV3C2.5,조사단가평균,전5-13,0.6/1KV TFR-CVV CABLE,3Cx2.5SQ,M,1,3125,3125,5778,5778,,,8903,3사
CVV4C2.5,조사단가평균,전5-13,0.6/1KV TFR-CVV CABLE,4Cx2.5SQ,M,1,3725,3725,7908,7908,,,11633,3사
CVV5C2.5,조사단가평균,전5-13,0.6/1KV TFR-CVV CABLE,5Cx2.5SQ,M,1,4287,4287,9732,9732,,,14019,3사
CVV6C2.5,조사단가평균,전5-13,0.6/1KV TFR-CVV CABLE,6Cx2.5SQ,M,1,5270,5270,10645,10645,,,15915,3사
CVV7C2.5,조사단가평균,전5-13,0.6/1KV TFR-CVV CABLE,7Cx2.5SQ,M,1,5900,5900,11862,11862,,,17762,3사
CVV12C2.5,조사단가평균,전5-13,0.6/1KV TFR-CVV CABLE,12Cx2.5SQ,M,1,9661,9661,16424,16424,,,26085,3사
CVV15C2.5,조사단가평균,전5-13,0.6/1KV TFR-CVV CABLE,15Cx2.5SQ,M,1,11223,11223,18857,18857,,,30080,3사
CVV20C2.5,조사단가평균,전5-13,0.6/1KV TFR-CVV CABLE,20Cx2.5SQ,M,1,14246,14246,22507,22507,,,36753,3사
CVV25C2.5,조사단가평균,전5-13,0.6/1KV TFR-CVV CABLE,25Cx2.5SQ,M,1,17261,17261,29807,29807,,,47068,3사
CVV30C2.5,조사단가평균,전5-13,0.6/1KV TFR-CVV CABLE,30Cx2.5SQ,M,1,20664,20664,29807,29807,,,50471,3사
CVV40C2.5,조사단가평균,전5-13,0.6/1KV TFR-CVV CABLE,40Cx2.5SQ,M,1,28761,28761,34065,34065,,,62826,3사
CVV50C2.5,조사단가평균,전5-13,0.6/1KV TFR-CVV CABLE,50Cx2.5SQ,M,1,34136,34136,34065,34065,,,68201,3사
CVVS2C1.5,조사단가평균,전5-13⑥,0.6/1KV TFR-CVV-S CABLE,2Cx1.5SQ,M,1,2442,2442,5109,5109,,,7551,3사
CVVS3C1.5,조사단가평균,전5-13⑥,0.6/1KV TFR-CVV-S CABLE,3Cx1.5SQ,M,1,3097,3097,6934,6934,,,10031,3사
CVVS4C1.5,조사단가평균,전5-13⑥,0.6/1KV TFR-CVV-S CABLE,4Cx1.5SQ,M,1,3662,3662,9489,9489,,,13151,3사
CVVS5C1.5,조사단가평균,전5-13⑥,0.6/1KV TFR-CVV-S CABLE,5Cx1.5SQ,M,1,5101,5101,11679,11679,,,16780,3사
CVVS6C1.5,조사단가평균,전5-13⑥,0.6/1KV TFR-CVV-S CABLE,6Cx1.5SQ,M,1,4685,4685,12774,12774,,,17459,3사
CVVS7C1.5,조사단가평균,전5-13⑥,0.6/1KV TFR-CVV-S CABLE,7Cx1.5SQ,M,1,5258,5258,14234,14234,,,19492,3사
CVVS8C1.5,조사단가평균,전5-13⑥,0.6/1KV TFR-CVV-S CABLE,8Cx1.5SQ,M,1,5630,5630,15329,15329,,,20959,3사
CVVS10C1.5,조사단가평균,전5-13⑥,0.6/1KV TFR-CVV-S CABLE,10Cx1.5SQ,M,1,7093,7093,17519,17519,,,24612,3사
CVVS12C1.5,조사단가평균,전5-13⑥,0.6/1KV TFR-CVV-S CABLE,12Cx1.5SQ,M,1,8324,8324,19709,19709,,,28033,3사
CVVS15C1.5,조사단가평균,전5-13⑥,0.6/1KV TFR-CVV-S CABLE,15Cx1.5SQ,M,1,9720,9720,22629,22629,,,32349,3사
CVVS20C1.5,조사단가평균,전5-13⑥,0.6/1KV TFR-CVV-S CABLE,20Cx1.5SQ,M,1,12021,12021,27009,27009,,,39030,3사
CVVS25C1.5,조사단가평균,전5-13⑥,0.6/1KV TFR-CVV-S CABLE,25Cx1.5SQ,M,1,14166,14166,35768,35768,,,49934,3사
CVVS30C1.5,조사단가평균,전5-13⑥,0.6/1KV TFR-CVV-S CABLE,30Cx1.5SQ,M,1,17272,17272,35768,35768,,,53040,3사
CVVS40C1.5,조사단가평균,전5-13⑥,0.6/1KV TFR-CVV-S CABLE,40Cx1.5SQ,M,1,23473,23473,40878,40878,,,64351,3사
CVVS50C1.5,조사단가평균,전5-13⑥,0.6/1KV TFR-CVV-S CABLE,50Cx1.5SQ,M,1,28245,28245,40878,40878,,,69123,3사
CVVS2C2.5,조사단가평균,전5-13⑥,0.6/1KV TFR-CVV-S CABLE,2Cx2.5SQ,M,1,2975,2975,5109,5109,,,8084,3사
CVVS3C2.5,조사단가평균,전5-13⑥,0.6/1KV TFR-CVV-S CABLE,3Cx2.5SQ,M,1,3680,3680,6934,6934,,,10614,3사
CVVS4C2.5,조사단가평균,전5-13⑥,0.6/1KV TFR-CVV-S CABLE,4Cx2.5SQ,M,1,4581,4581,9489,9489,,,14070,3사
CVVS5C2.5,조사단가평균,전5-13⑥,0.6/1KV TFR-CVV-S CABLE,5Cx2.5SQ,M,1,5054,5054,11679,11679,,,16733,3사
CVVS6C2.5,조사단가평균,전5-13⑥,0.6/1KV TFR-CVV-S CABLE,6Cx2.5SQ,M,1,5883,5883,12774,12774,,,18657,3사
CVVS7C2.5,조사단가평균,전5-13⑥,0.6/1KV TFR-CVV-S CABLE,7Cx2.5SQ,M,1,6634,6634,14234,14234,,,20868,3사
CVVS8C2.5,조사단가평균,전5-13⑥,0.6/1KV TFR-CVV-S CABLE,8Cx2.5SQ,M,1,7210,7210,15329,15329,,,22539,3사
CVVS10C2.5,조사단가평균,전5-13⑥,0.6/1KV TFR-CVV-S CABLE,10Cx2.5SQ,M,1,9143,9143,17519,17519,,,26662,3사
CVVS12C2.5,조사단가평균,전5-13⑥,0.6/1KV TFR-CVV-S CABLE,12Cx2.5SQ,M,1,10774,10774,19709,19709,,,30483,3사
CVVS15C2.5,조사단가평균,전5-13⑥,0.6/1KV TFR-CVV-S CABLE,15Cx2.5SQ,M,1,12527,12527,22629,22629,,,35156,3사
CVVS20C2.5,조사단가평균,전5-13⑥,0.6/1KV TFR-CVV-S CABLE,20Cx2.5SQ,M,1,16011,16011,27009,27009,,,43020,3사
CVVS25C2.5,조사단가평균,전5-13⑥,0.6/1KV TFR-CVV-S CABLE,25Cx2.5SQ,M,1,18959,18959,35768,35768,,,54727,3사
CVVS30C2.5,조사단가평균,전5-13⑥,0.6/1KV TFR-CVV-S CABLE,30Cx2.5SQ,M,1,22556,22556,35768,35768,,,58324,3사
CVVS40C2.5,조사단가평균,전5-13⑥,0.6/1KV TFR-CVV-S CABLE,40Cx2.5SQ,M,1,31671,31671,40878,40878,,,72549,3사
CVVS50C2.5,조사단가평균,전5-13⑥,0.6/1KV TFR-CVV-S CABLE,50Cx2.5SQ,M,1,38969,38969,40878,40878,,,79847,3사
CVVSB2C1.5,조사단가평균,전5-13⑥,0.6/1KV TFR-CVV-SB CABLE,2Cx1.5SQ,M,1,2828,2828,5109,5109,,,7937,3사
CVVSB3C1.5,조사단가평균,전5-13⑥,0.6/1KV TFR-CVV-SB CABLE,3Cx1.5SQ,M,1,3389,3389,6934,6934,,,10323,3사
CVVSB4C1.5,조사단가평균,전5-13⑥,0.6/1KV TFR-CVV-SB CABLE,4Cx1.5SQ,M,1,3645,3645,9489,9489,,,13134,3사
CVVSB5C1.5,조사단가평균,전5-13⑥,0.6/1KV TFR-CVV-SB CABLE,5Cx1.5SQ,M,1,4422,4422,11679,11679,,,16101,3사
CVVSB6C1.5,조사단가평균,전5-13⑥,0.6/1KV TFR-CVV-SB CABLE,6Cx1.5SQ,M,1,5096,5096,12774,12774,,,17870,3사
CVVSB7C1.5,조사단가평균,전5-13⑥,0.6/1KV TFR-CVV-SB CABLE,7Cx1.5SQ,M,1,5388,5388,14234,14234,,,19622,3사
CVVSB8C1.5,조사단가평균,전5-13⑥,0.6/1KV TFR-CVV-SB CABLE,8Cx1.5SQ,M,1,6092,6092,15329,15329,,,21421,3사
CVVSB10C1.5,조사단가평균,전5-13⑥,0.6/1KV TFR-CVV-SB CABLE,10Cx1.5SQ,M,1,7212,7212,17519,17519,,,24731,3사
CVVSB12C1.5,조사단가평균,전5-13⑥,0.6/1KV TFR-CVV-SB CABLE,12Cx1.5SQ,M,1,8603,8603,19709,19709,,,28312,3사
CVVSB15C1.5,조사단가평균,전5-13⑥,0.6/1KV TFR-CVV-SB CABLE,15Cx1.5SQ,M,1,10929,10929,22629,22629,,,33558,3사
CVVSB20C1.5,조사단가평균,전5-13⑥,0.6/1KV TFR-CVV-SB CABLE,20Cx1.5SQ,M,1,13057,13057,27009,27009,,,40066,3사
CVVSB25C1.5,조사단가평균,전5-13⑥,0.6/1KV TFR-CVV-SB CABLE,25Cx1.5SQ,M,1,15283,15283,35768,35768,,,51051,3사
CVVSB30C1.5,조사단가평균,전5-13⑥,0.6/1KV TFR-CVV-SB CABLE,30Cx1.5SQ,M,1,18497,18497,35768,35768,,,54265,3사
CVVSB40C1.5,조사단가평균,전5-13⑥,0.6/1KV TFR-CVV-SB CABLE,40Cx1.5SQ,M,1,24784,24784,40878,40878,,,65662,3사
CVVSB50C1.5,조사단가평균,전5-13⑥,0.6/1KV TFR-CVV-SB CABLE,50Cx1.5SQ,M,1,30348,30348,40878,40878,,,71226,3사
CVVSB2C2.5,조사단가평균,전5-13⑥,0.6/1KV TFR-CVV-SB CABLE,2Cx2.5SQ,M,1,3351,3351,5109,5109,,,8460,3사
CVVSB3C2.5,조사단가평균,전5-13⑥,0.6/1KV TFR-CVV-SB CABLE,3Cx2.5SQ,M,1,4070,4070,6934,6934,,,11004,3사
CVVSB4C2.5,조사단가평균,전5-13⑥,0.6/1KV TFR-CVV-SB CABLE,4Cx2.5SQ,M,1,4833,4833,9489,9489,,,14322,3사
CVVSB5C2.5,조사단가평균,전5-13⑥,0.6/1KV TFR-CVV-SB CABLE,5Cx2.5SQ,M,1,5584,5584,11679,11679,,,17263,3사
CVVSB6C2.5,조사단가평균,전5-13⑥,0.6/1KV TFR-CVV-SB CABLE,6Cx2.5SQ,M,1,6235,6235,12774,12774,,,19009,3사
CVVSB7C2.5,조사단가평균,전5-13⑥,0.6/1KV TFR-CVV-SB CABLE,7Cx2.5SQ,M,1,7218,7218,14234,14234,,,21452,3사
CVVSB8C2.5,조사단가평균,전5-13⑥,0.6/1KV TFR-CVV-SB CABLE,8Cx2.5SQ,M,1,8047,8047,15329,15329,,,23376,3사
CVVSB10C2.5,조사단가평균,전5-13⑥,0.6/1KV TFR-CVV-SB CABLE,10Cx2.5SQ,M,1,9983,9983,17519,17519,,,27502,3사
CVVSB12C2.5,조사단가평균,전5-13⑥,0.6/1KV TFR-CVV-SB CABLE,12Cx2.5SQ,M,1,11198,11198,19709,19709,,,30907,3사
CVVSB15C2.5,조사단가평균,전5-13⑥,0.6/1KV TFR-CVV-SB CABLE,15Cx2.5SQ,M,1,13550,13550,22629,22629,,,36179,3사
CVVSB20C2.5,조사단가평균,전5-13⑥,0.6/1KV TFR-CVV-SB CABLE,20Cx2.5SQ,M,1,17161,17161,27009,27009,,,44170,3사
CVVSB25C2.5,조사단가평균,전5-13⑥,0.6/1KV TFR-CVV-SB CABLE,25Cx2.5SQ,M,1,21415,21415,35768,35768,,,57183,3사
CVVSB30C2.5,조사단가평균,전5-13⑥,0.6/1KV TFR-CVV-SB CABLE,30Cx2.5SQ,M,1,18349,18349,35768,35768,,,54117,3사
CVVSB40C2.5,조사단가평균,전5-13⑥,0.6/1KV TFR-CVV-SB CABLE,40Cx2.5SQ,M,1,24943,24943,40878,40878,,,65821,3사
CVVSB50C2.5,조사단가평균,전5-13⑥,0.6/1KV TFR-CVV-SB CABLE,50Cx2.5SQ,M,1,30604,30604,40878,40878,,,71482,3사
CVVAMS1P1.5,조사중,전5-13⑥,0.6/1KV TFR-CVV-AMS(I/C-AMS) CABLE,1Px1.5SQ,M,1,0,0,5109,5109,,,5109,3사
CVVAMS2P1.5,조사중,전5-13⑥,0.6/1KV TFR-CVV-AMS(I/C-AMS) CABLE,2Px1.5SQ,M,1,0,0,9489,9489,,,9489,3사
CVVAMS3P1.5,조사중,전5-13⑥,0.6/1KV TFR-CVV-AMS(I/C-AMS) CABLE,3Px1.5SQ,M,1,0,0,12774,12774,,,12774,3사
CVVAMS4P1.5,조사중,전5-13⑥,0.6/1KV TFR-CVV-AMS(I/C-AMS) CABLE,4Px1.5SQ,M,1,0,0,15329,15329,,,15329,3사
CVVAMS5P1.5,조사중,전5-13⑥,0.6/1KV TFR-CVV-AMS(I/C-AMS) CABLE,5Px1.5SQ,M,1,0,0,17519,17519,,,17519,3사
CVVAMS6P1.5,조사중,전5-13⑥,0.6/1KV TFR-CVV-AMS(I/C-AMS) CABLE,6Px1.5SQ,M,1,0,0,19709,19709,,,19709,3사
CVVAMS7P1.5,조사중,전5-13⑥,0.6/1KV TFR-CVV-AMS(I/C-AMS) CABLE,7Px1.5SQ,M,1,0,0,21534,21534,,,21534,3사
CVVAMS8P1.5,조사중,전5-13⑥,0.6/1KV TFR-CVV-AMS(I/C-AMS) CABLE,8Px1.5SQ,M,1,0,0,26279,26279,,,26279,3사
CVVAMS9P1.5,조사중,전5-13⑥,0.6/1KV TFR-CVV-AMS(I/C-AMS) CABLE,9Px1.5SQ,M,1,0,0,26279,26279,,,26279,3사
CVVAMS10P1.5,조사중,전5-13⑥,0.6/1KV TFR-CVV-AMS(I/C-AMS) CABLE,10Px1.5SQ,M,1,0,0,27009,27009,,,27009,3사
CVVAMS12P1.5,조사중,전5-13⑥,0.6/1KV TFR-CVV-AMS(I/C-AMS) CABLE,12Px1.5SQ,M,1,0,0,30658,30658,,,30658,3사
CVVAMS15P1.5,조사중,전5-13⑥,0.6/1KV TFR-CVV-AMS(I/C-AMS) CABLE,15Px1.5SQ,M,1,0,0,35768,35768,,,35768,3사
CVVAMS20P1.5,조사중,전5-13⑥,0.6/1KV TFR-CVV-AMS(I/C-AMS) CABLE,20Px1.5SQ,M,1,0,0,40878,40878,,,40878,3사
CVVAMS30P1.5,조사중,전5-13⑥,0.6/1KV TFR-CVV-AMS(I/C-AMS) CABLE,30Px1.5SQ,M,1,0,0,40878,40878,,,40878,3사
CVVAMS1P2.5,조사중,전5-13⑥,0.6/1KV TFR-CVV-AMS(I/C-AMS) CABLE,1Px2.5SQ,M,1,0,0,5109,5109,,,5109,3사
CVVAMS2P2.5,조사중,전5-13⑥,0.6/1KV TFR-CVV-AMS(I/C-AMS) CABLE,2Px2.5SQ,M,1,0,0,9489,9489,,,9489,3사
CVVAMS3P2.5,조사중,전5-13⑥,0.6/1KV TFR-CVV-AMS(I/C-AMS) CABLE,3Px2.5SQ,M,1,0,0,12774,12774,,,12774,3사
CVVAMS4P2.5,조사중,전5-13⑥,0.6/1KV TFR-CVV-AMS(I/C-AMS) CABLE,4Px2.5SQ,M,1,0,0,15329,15329,,,15329,3사
CVVAMS5P2.5,조사중,전5-13⑥,0.6/1KV TFR-CVV-AMS(I/C-AMS) CABLE,5Px2.5SQ,M,1,0,0,17519,17519,,,17519,3사
CVVAMS6P2.5,조사중,전5-13⑥,0.6/1KV TFR-CVV-AMS(I/C-AMS) CABLE,6Px2.5SQ,M,1,0,0,19709,19709,,,19709,3사
CVVAMS7P2.5,조사중,전5-13⑥,0.6/1KV TFR-CVV-AMS(I/C-AMS) CABLE,7Px2.5SQ,M,1,0,0,21534,21534,,,21534,3사
CVVAMS8P2.5,조사중,전5-13⑥,0.6/1KV TFR-CVV-AMS(I/C-AMS) CABLE,8Px2.5SQ,M,1,0,0,26279,26279,,,26279,3사
CVVAMS9P2.5,조사중,전5-13⑥,0.6/1KV TFR-CVV-AMS(I/C-AMS) CABLE,9Px2.5SQ,M,1,0,0,26279,26279,,,26279,3사
CVVAMS10P2.5,조사중,전5-13⑥,0.6/1KV TFR-CVV-AMS(I/C-AMS) CABLE,10Px2.5SQ,M,1,0,0,27009,27009,,,27009,3사
CVVAMS12P2.5,조사중,전5-13⑥,0.6/1KV TFR-CVV-AMS(I/C-AMS) CABLE,12Px2.5SQ,M,1,0,0,30658,30658,,,30658,3사
CVVAMS15P2.5,조사중,전5-13⑥,0.6/1KV TFR-CVV-AMS(I/C-AMS) CABLE,15Px2.5SQ,M,1,0,0,35768,35768,,,35768,3사
CVVAMS20P2.5,조사중,전5-13⑥,0.6/1KV TFR-CVV-AMS(I/C-AMS) CABLE,20Px2.5SQ,M,1,0,0,40878,40878,,,40878,3사
CVVAMS30P2.5,조사중,전5-13⑥,0.6/1KV TFR-CVV-AMS(I/C-AMS) CABLE,30Px2.5SQ,M,1,0,0,40878,40878,,,40878,3사
CVVAMS1T1.5,조사중,전5-13⑥,0.6/1KV TFR-CVV-AMS(I/C-AMS) CABLE,1Tx1.5SQ,M,1,0,0,6934,6934,,,6934,3사
CVVAMS2T1.5,조사중,전5-13⑥,0.6/1KV TFR-CVV-AMS(I/C-AMS) CABLE,2Tx1.5SQ,M,1,0,0,12774,12774,,,12774,3사
CVVAMS3T1.5,조사중,전5-13⑥,0.6/1KV TFR-CVV-AMS(I/C-AMS) CABLE,3Tx1.5SQ,M,1,0,0,17519,17519,,,17519,3사
CVVAMS4T1.5,조사중,전5-13⑥,0.6/1KV TFR-CVV-AMS(I/C-AMS) CABLE,4Tx1.5SQ,M,1,0,0,19709,19709,,,19709,3사
CVVAMS5T1.5,조사중,전5-13⑥,0.6/1KV TFR-CVV-AMS(I/C-AMS) CABLE,5Tx1.5SQ,M,1,0,0,22629,22629,,,22629,3사
CVVAMS6T1.5,조사중,전5-13⑥,0.6/1KV TFR-CVV-AMS(I/C-AMS) CABLE,6Tx1.5SQ,M,1,0,0,26279,26279,,,26279,3사
CVVAMS7T1.5,조사중,전5-13⑥,0.6/1KV TFR-CVV-AMS(I/C-AMS) CABLE,7Tx1.5SQ,M,1,0,0,30658,30658,,,30658,3사
CVVAMS8T1.5,조사중,전5-13⑥,0.6/1KV TFR-CVV-AMS(I/C-AMS) CABLE,8Tx1.5SQ,M,1,0,0,30658,30658,,,30658,3사
CVVAMS9T1.5,조사중,전5-13⑥,0.6/1KV TFR-CVV-AMS(I/C-AMS) CABLE,9Tx1.5SQ,M,1,0,0,35768,35768,,,35768,3사
CVVAMS10T1.5,조사중,전5-13⑥,0.6/1KV TFR-CVV-AMS(I/C-AMS) CABLE,10Tx1.5SQ,M,1,0,0,35768,35768,,,35768,3사
CVVAMS12T1.5,조사중,전5-13⑥,0.6/1KV TFR-CVV-AMS(I/C-AMS) CABLE,12Tx1.5SQ,M,1,0,0,40878,40878,,,40878,3사
CVVAMS15T1.5,조사중,전5-13⑥,0.6/1KV TFR-CVV-AMS(I/C-AMS) CABLE,15Tx1.5SQ,M,1,0,0,40878,40878,,,40878,3사
CVVAMS20T1.5,조사중,전5-13⑥,0.6/1KV TFR-CVV-AMS(I/C-AMS) CABLE,20Tx1.5SQ,M,1,0,0,40878,40878,,,40878,3사
CVVAMS1T2.5,조사중,전5-13⑥,0.6/1KV TFR-CVV-AMS(I/C-AMS) CABLE,1Tx2.5SQ,M,1,0,0,6934,6934,,,6934,3사
CVVAMS2T2.5,조사중,전5-13⑥,0.6/1KV TFR-CVV-AMS(I/C-AMS) CABLE,2Tx2.5SQ,M,1,0,0,12774,12774,,,12774,3사
CVVAMS3T2.5,조사중,전5-13⑥,0.6/1KV TFR-CVV-AMS(I/C-AMS) CABLE,3Tx2.5SQ,M,1,0,0,17519,17519,,,17519,3사
CVVAMS4T2.5,조사중,전5-13⑥,0.6/1KV TFR-CVV-AMS(I/C-AMS) CABLE,4Tx2.5SQ,M,1,0,0,19709,19709,,,19709,3사
CVVAMS5T2.5,조사중,전5-13⑥,0.6/1KV TFR-CVV-AMS(I/C-AMS) CABLE,5Tx2.5SQ,M,1,0,0,22629,22629,,,22629,3사
CVVAMS6T2.5,조사중,전5-13⑥,0.6/1KV TFR-CVV-AMS(I/C-AMS) CABLE,6Tx2.5SQ,M,1,0,0,26279,26279,,,26279,3사
CVVAMS7T2.5,조사중,전5-13⑥,0.6/1KV TFR-CVV-AMS(I/C-AMS) CABLE,7Tx2.5SQ,M,1,0,0,30658,30658,,,30658,3사
CVVAMS8T2.5,조사중,전5-13⑥,0.6/1KV TFR-CVV-AMS(I/C-AMS) CABLE,8Tx2.5SQ,M,1,0,0,30658,30658,,,30658,3사
CVVAMS9T2.5,조사중,전5-13⑥,0.6/1KV TFR-CVV-AMS(I/C-AMS) CABLE,9Tx2.5SQ,M,1,0,0,35768,35768,,,35768,3사
CVVAMS10T2.5,조사중,전5-13⑥,0.6/1KV TFR-CVV-AMS(I/C-AMS) CABLE,10Tx2.5SQ,M,1,0,0,35768,35768,,,35768,3사
CVVAMS12T2.5,조사중,전5-13⑥,0.6/1KV TFR-CVV-AMS(I/C-AMS) CABLE,12Tx2.5SQ,M,1,0,0,40878,40878,,,40878,3사
CVVAMS15T2.5,조사중,전5-13⑥,0.6/1KV TFR-CVV-AMS(I/C-AMS) CABLE,15Tx2.5SQ,M,1,0,0,40878,40878,,,40878,3사
CVVAMS20T2.5,조사중,전5-13⑥,0.6/1KV TFR-CVV-AMS(I/C-AMS) CABLE,20Tx2.5SQ,M,1,0,0,40878,40878,,,40878,3사
KX1P1.5,조사중,전5-13,0.6/1KV FR-KX-G TYPE 온도보상도선,1Px1.5SQ,M,1,0,0,4258,4258,,,4258,
KX10P1.5,조사중,전5-13,0.6/1KV FR-KX-G TYPE 온도보상도선,10Px1.5SQ,M,1,0,0,22507,22507,,,22507,
GV4,조사단가평균,전3-38⑪,0.6/1KV TFR-GV WIRE,1Cx4SQ,M,1,1020,1020,2463,2463,,,3483,3사
GV6,조사단가평균,전3-38⑪,0.6/1KV TFR-GV WIRE,1Cx6SQ,M,1,1489,1489,2463,2463,,,3952,3사
GV10,조사단가평균,전3-38⑪,0.6/1KV TFR-GV WIRE,1Cx10SQ,M,1,2438,2438,2463,2463,,,4901,3사
GV16,조사단가평균,전3-38⑪,0.6/1KV TFR-GV WIRE,1Cx16SQ,M,1,3472,3472,2463,2463,,,5935,3사
GV25,조사단가평균,전3-38⑪,0.6/1KV TFR-GV WIRE,1Cx25SQ,M,1,5044,5044,2463,2463,,,7507,3사
GV35,조사단가평균,전3-38⑪,0.6/1KV TFR-GV WIRE,1Cx35SQ,M,1,7176,7176,2463,2463,,,9639,3사
GV50,조사단가평균,전3-38⑪,0.6/1KV TFR-GV WIRE,1Cx50SQ,M,1,10054,10054,3284,3284,,,13338,3사
GV70,조사단가평균,전3-38⑪,0.6/1KV TFR-GV WIRE,1Cx70SQ,M,1,13709,13709,3284,3284,,,16993,3사
GV95,조사단가평균,전3-38⑪,0.6/1KV TFR-GV WIRE,1Cx 95SQ,M,1,18663,18663,3284,3284,,,21947,3사
GV120,조사단가평균,전3-38⑪,0.6/1KV TFR-GV WIRE,1Cx120SQ,M,1,22002,22002,4515,4515,,,26517,3사
GV150,조사단가평균,전3-38⑪,0.6/1KV TFR-GV WIRE,1Cx150SQ,M,1,28792,28792,4515,4515,,,33307,3사
GV185,조사단가평균,전3-38⑪,0.6/1KV TFR-GV WIRE,1Cx185SQ,M,1,35958,35958,5747,5747,,,41705,3사
GV240,조사단가평균,전3-38⑪,0.6/1KV TFR-GV WIRE,1Cx240SQ,M,1,44250,44250,5747,5747,,,49997,3사
GV300,조사단가평균,전3-38⑪,0.6/1KV TFR-GV WIRE,1Cx300SQ,M,1,56158,56158,6978,6978,,,63136,3사
BC50,조사단가평균,전3-38,BARE COPPER WIRE(WOA),1Cx50SQ,M,1,10809,10809,2189,2189,,,12998,3사
BC70,조사단가평균,전3-38,BARE COPPER WIRE(WOA),1Cx70SQ,M,1,14690,14690,2189,2189,,,16879,3사
BC95,조사단가평균,전3-38,BARE COPPER WIRE(WOA),1Cx95SQ,M,1,20329,20329,2189,2189,,,22518,3사
BC120,조사단가평균,전3-38,BARE COPPER WIRE(WOA),1Cx120SQ,M,1,26396,26396,3010,3010,,,29406,3사
BC150,조사단가평균,전3-38,BARE COPPER WIRE(WOA),1Cx150SQ,M,1,32549,32549,3010,3010,,,35559,3사
BC185,조사단가평균,전3-38,BARE COPPER WIRE(WOA),1Cx185SQ,M,1,42905,42905,3831,3831,,,46736,3사
BC240,조사단가평균,전3-38,BARE COPPER WIRE(WOA),1Cx240SQ,M,1,524785,524785,3831,3831,,,528616,3사
FOSM4C,조사단가평균,통4-1-3,FIBER OPTIC CABLE,SM 4C,M,1,1043,1043,5376,5376,,,6419,
FOSM8C,조사단가평균,통4-1-3,FIBER OPTIC CABLE,SM 8C,M,1,1186,1186,5376,5376,,,6562,
FOSM12C,조사단가평균,통4-1-3,FIBER OPTIC CABLE,SM 12C,M,1,1236,1236,5376,5376,,,6612,
FOMM4C,조사단가평균,통4-1-3,FIBER OPTIC CABLE,MM 4C,M,1,1388,1388,5376,5376,,,6764,
FOMM8C,조사단가평균,통4-1-3,FIBER OPTIC CABLE,MM 8C,M,1,1362,1362,5376,5376,,,6738,
FOMM12C,조사단가평균,통4-1-3,FIBER OPTIC CABLE,MM 12C,M,1,2187,2187,5376,5376,,,7563,
HFIX1.5,조사단가평균,전5-10,450/750V HFIX WIRE,1.5SQ,M,1,382,382,2736,2736,,,3118,
HFIX2.5,조사단가평균,전5-10,450/750V HFIX WIRE,2.5SQ,M,1,587,587,2736,2736,,,3323,
HFIX4,조사단가평균,전5-10,450/750V HFIX WIRE,4SQ,M,1,908,908,2736,2736,,,3644,
HFIX6,조사단가평균,전5-10,450/750V HFIX WIRE,6SQ,M,1,1281,1281,2736,2736,,,4017,
UTPC5E4P,조사중,통4-3-1,UTP CABLE CAT.5E,4P,M,1,0,0,6630,6630,,,6630,
UTPC5E25P,조사중,통4-3-1,UTP CABLE CAT.5E,25P,M,1,0,0,10469,10469,,,10469,
UTPC5E50P,조사중,통4-3-1,UTP CABLE CAT.5E,50P,M,1,0,0,15267,15267,,,15267,
UTPC5E100P,조사중,통4-3-1,UTP CABLE CAT.5E,100P,M,1,0,0,21811,21811,,,21811,
UTPC64P,조사중,통4-3-1,UTP CABLE CAT.6,4P,M,1,0,0,6543,6543,,,6543,
STPC64P,조사중,통4-3-1,STP CABLE CAT.6,4P,M,1,0,0,6543,6543,,,6543,
CTB10,해당없음,전5-8,CABLE TRAY ST/EL/TEE/CROSS 설치,10/000㎟ 이하,M,1,0,0,49261,49261,,,49261,
CTB30,해당없음,전5-8,CABLE TRAY ST/EL/TEE/CROSS 설치,30/000㎟ 이하,M,1,0,0,62945,62945,,,62945,
CTB50,해당없음,전5-8,CABLE TRAY ST/EL/TEE/CROSS 설치,50/000㎟ 이하,M,1,0,0,82102,82102,,,82102,
CTB60,해당없음,전5-8,CABLE TRAY ST/EL/TEE/CROSS 설치,60/000㎟ 이하,M,1,0,0,98523,98523,,,98523,
CTB80,해당없음,전5-8,CABLE TRAY ST/EL/TEE/CROSS 설치,80/000㎟ 이하,M,1,0,0,131364,131364,,,131364,
CTB90,해당없음,전5-8,CABLE TRAY ST/EL/TEE/CROSS 설치,90/000㎟ 이하,M,1,0,0,147785,147785,,,147785,
CTB120,해당없음,전5-8,CABLE TRAY ST/EL/TEE/CROSS 설치,120/000㎟ 이하,M,1,0,0,197046,197046,,,197046,
CTB150,해당없음,전5-8,CABLE TRAY ST/EL/TEE/CROSS 설치,150/000㎟ 이하,M,1,0,0,246308,246308,,,246308,
CTC10,해당없음,전5-8⑦,CABLE TRAY COVER ST/EL/TEE/CROSS 설치,10/000㎟ 이하,M,1,0,0,9852,9852,,,9852,
CTC30,해당없음,전5-8⑦,CABLE TRAY COVER ST/EL/TEE/CROSS 설치,30/000㎟ 이하,M,1,0,0,12589,12589,,,12589,
CTC50,해당없음,전5-8⑦,CABLE TRAY COVER ST/EL/TEE/CROSS 설치,50/000㎟ 이하,M,1,0,0,16420,16420,,,16420,
CTC60,해당없음,전5-8⑦,CABLE TRAY COVER ST/EL/TEE/CROSS 설치,60/000㎟ 이하,M,1,0,0,19704,19704,,,19704,
CTC80,해당없음,전5-8⑦,CABLE TRAY COVER ST/EL/TEE/CROSS 설치,80/000㎟ 이하,M,1,0,0,26272,26272,,,26272,
CTC90,해당없음,전5-8⑦,CABLE TRAY COVER ST/EL/TEE/CROSS 설치,90/000㎟ 이하,M,1,0,0,29557,29557,,,29557,
CTC120,해당없음,전5-8⑦,CABLE TRAY COVER ST/EL/TEE/CROSS 설치,120/000㎟ 이하,M,1,0,0,39409,39409,,,39409,
CTC150,해당없음,전5-8⑦,CABLE TRAY COVER ST/EL/TEE/CROSS 설치,150/000㎟ 이하,M,1,0,0,49261,49261,,,49261,
CDB18,해당없음,전5-7,CABLE DUCT ST/EL/TEE/CROSS 설치,18㎠,M,1,0,0,41051,41051,,,41051,
CDB50,해당없음,전5-7,CABLE DUCT ST/EL/TEE/CROSS 설치,50㎠,M,1,0,0,54735,54735,,,54735,
CDB100,해당없음,전5-7,CABLE DUCT ST/EL/TEE/CROSS 설치,100㎠,M,1,0,0,82102,82102,,,82102,
CDB150,해당없음,전5-7,CABLE DUCT ST/EL/TEE/CROSS 설치,150㎠,M,1,0,0,109470,109470,,,109470,
CDB200,해당없음,전5-7,CABLE DUCT ST/EL/TEE/CROSS 설치,200㎠,M,1,0,0,123154,123154,,,123154,
CDB300,해당없음,전5-7,CABLE DUCT ST/EL/TEE/CROSS 설치,300㎠,M,1,0,0,136838,136838,,,136838,
CDB600,해당없음,전5-7,CABLE DUCT ST/EL/TEE/CROSS 설치,600㎠,M,1,0,0,164205,164205,,,164205,
CDB1000,해당없음,전5-7,CABLE DUCT ST/EL/TEE/CROSS 설치,1000㎠,M,1,0,0,410514,410514,,,410514,
CDB1800,해당없음,전5-7,CABLE DUCT ST/EL/TEE/CROSS 설치,1800㎠,M,1,0,0,547352,547352,,,547352,
CDB2800,해당없음,전5-7,CABLE DUCT ST/EL/TEE/CROSS 설치,2800㎠,M,1,0,0,684190,684190,,,684190,
CDB4000,해당없음,전5-7,CABLE DUCT ST/EL/TEE/CROSS 설치,4000㎠,M,1,0,0,821028,821028,,,821028,
CDB5400,해당없음,전5-7,CABLE DUCT ST/EL/TEE/CROSS 설치,5400㎠,M,1,0,0,1012601,1012601,,,1012601,
CDC18,해당없음,보류중,CABLE DUCT COVER ST/EL/TEE/CROSS 설치,18㎠,M,1,0,0,0,0,,,0,
CDC50,해당없음,보류중,CABLE DUCT COVER ST/EL/TEE/CROSS 설치,50㎠,M,1,0,0,0,0,,,0,
CDC100,해당없음,보류중,CABLE DUCT COVER ST/EL/TEE/CROSS 설치,100㎠,M,1,0,0,0,0,,,0,
CDC150,해당없음,보류중,CABLE DUCT COVER ST/EL/TEE/CROSS 설치,150㎠,M,1,0,0,0,0,,,0,
CDC200,해당없음,보류중,CABLE DUCT COVER ST/EL/TEE/CROSS 설치,200㎠,M,1,0,0,0,0,,,0,
CDC300,해당없음,보류중,CABLE DUCT COVER ST/EL/TEE/CROSS 설치,300㎠,M,1,0,0,0,0,,,0,
CDC600,해당없음,보류중,CABLE DUCT COVER ST/EL/TEE/CROSS 설치,600㎠,M,1,0,0,0,0,,,0,
CDC1000,해당없음,보류중,CABLE DUCT COVER ST/EL/TEE/CROSS 설치,1000㎠,M,1,0,0,0,0,,,0,
CDC1800,해당없음,보류중,CABLE DUCT COVER ST/EL/TEE/CROSS 설치,1800㎠,M,1,0,,,,,,,
CDC2800,해당없음,보류중,CABLE DUCT COVER ST/EL/TEE/CROSS 설치,2800㎠,M,1,0,,,,,,,
CDC4000,해당없음,보류중,CABLE DUCT COVER ST/EL/TEE/CROSS 설치,4000㎠,M,1,0,,,,,,,
CDC5400,해당없음,보류중,CABLE DUCT COVER ST/EL/TEE/CROSS 설치,5400㎠,M,1,0,,,,,,,
GR14,조사단가평균,전3-38,GROUND ROD ,14MMx1000L,EA,1,5772,5772,43869,43869,,,49641,
GR16,조사단가평균,전3-38,GROUND ROD ,16MMx1800L,EA,1,10501,10501,66157,66157,,,76658,
GR19,조사단가평균,전3-38,GROUND ROD ,19MMx2400L,EA,1,24294,24294,100095,100095,,,124389,
GRC,조사단가평균,전3-38,GROUND ROD CONNECTOR,U-BOLT TYPE,EA,1,6635,6635,7389,7389,,,14024,
CGR150,조사단가평균,전3-38,CARBON GROUND ROD,150x1000L,EA,1,451211,451211,153043,153043,,,604254,
CGR160,조사단가평균,전3-38,CARBON GROUND ROD,160x1000L,EA,1,503254,503254,243290,243290,,,746544,
CGR250,조사단가평균,전3-38,CARBON GROUND ROD,250x1000L,EA,1,753767,753767,333536,333536,,,1087303,
CGR260,조사단가평균,전3-38,CARBON GROUND ROD,260x1000L,EA,1,742590,742590,333536,333536,,,1076126,
CGP3001T,조사단가평균,전3-38,COPPER GROUND PLATE,300x300x1t,EA,1,28134,28134,90246,90246,,,118380,
CGP3001.5T,조사단가평균,전3-38,COPPER GROUND PLATE,300x300x1.5t,EA,1,40069,40069,90246,90246,,,130315,
CGP3002T,조사단가평균,전3-38,COPPER GROUND PLATE,300x300x2t,EA,1,52714,52714,90246,90246,,,142960,
CGP5001.5T,조사단가평균,전3-38,COPPER GROUND PLATE,500x500x1.5t,EA,1,98900,98900,153043,153043,,,251943,
CGP5002T,조사단가평균,전3-38,COPPER GROUND PLATE,500x500x2T,EA,1,122960,122960,153043,153043,,,276003,
CS16,조사단가평균,전3-38,C-TYPE SLEEVE,16SQ,EA,1,496,496,26546,26546,,,27042,
CS25,조사단가평균,전3-38,C-TYPE SLEEVE,25SQ,EA,1,873,873,26546,26546,,,27419,
CS35,조사단가평균,전3-38,C-TYPE SLEEVE,35SQ,EA,1,1697,1697,26546,26546,,,28243,
CS580,조사단가평균,전3-38,C-TYPE SLEEVE,50SQ,EA,1,1978,1978,26546,26546,,,28524,
CS70,조사단가평균,전3-38,C-TYPE SLEEVE,70SQ,EA,1,2354,2354,26546,26546,,,28900,
CS95,조사단가평균,전3-38,C-TYPE SLEEVE,95SQ,EA,1,3768,3768,26546,26546,,,30314,
CS120,조사단가평균,전3-38,C-TYPE SLEEVE,120SQ,EA,1,4313,4313,26546,26546,,,30859,
CS150,조사단가평균,전3-38,C-TYPE SLEEVE,150SQ,EA,1,4507,4507,26546,26546,,,31053,
CS185,조사단가평균,전3-38,C-TYPE SLEEVE,185SQ,EA,1,7941,7941,26546,26546,,,34487,
CS240,조사단가평균,전3-38,C-TYPE SLEEVE,240SQ,EA,1,9538,9538,26546,26546,,,36084,
CS300,조사단가평균,전3-38,C-TYPE SLEEVE,300SQ,EA,1,11644,11644,26546,26546,,,38190,
GTBS1,조사단가평균,전3-38,GROUND TEST BOX STEEL,1CCT,EA,1,55146,55146,180626,180626,,,235772,
GTBS2,조사단가평균,전3-38,GROUND TEST BOX STEEL,2CCT,EA,1,95353,95353,180626,180626,,,275979,
GTBS3,조사단가평균,전3-38,GROUND TEST BOX STEEL,3CCT,EA,1,98401,98401,180626,180626,,,279027,
GTBS4,조사단가평균,전3-38,GROUND TEST BOX STEEL,4CCT,EA,1,112956,112956,180626,180626,,,293582,
GTBS5,조사단가평균,전3-38,GROUND TEST BOX STEEL,5CCT,EA,1,115500,115500,180626,180626,,,296126,
GTBS6,조사단가평균,전3-38,GROUND TEST BOX STEEL,6CCT,EA,1,125518,125518,180626,180626,,,306144,
GTBS7,조사단가평균,전3-38,GROUND TEST BOX STEEL,7CCT,EA,1,134853,134853,180626,180626,,,315479,
GTBS8,조사단가평균,전3-38,GROUND TEST BOX STEEL,8CCT,EA,1,150635,150635,180626,180626,,,331261,
GTBS9,조사단가평균,전3-38,GROUND TEST BOX STEEL,9CCT,EA,1,184130,184130,180626,180626,,,364756,
GTBS10,조사단가평균,전3-38,GROUND TEST BOX STEEL,10CCT,EA,1,194711,194711,180626,180626,,,375337,
GTBSUS1,조사단가평균,전3-38,GROUND TEST BOX ALL SUS304,1CCT,EA,1,139668,139668,180626,180626,,,320294,
GTBSUS2,조사단가평균,전3-38,GROUND TEST BOX ALL SUS304,2CCT,EA,1,245068,245068,180626,180626,,,425694,
GTBSUS3,조사단가평균,전3-38,GROUND TEST BOX ALL SUS304,3CCT,EA,1,263621,263621,180626,180626,,,444247,
GTBSUS4,조사단가평균,전3-38,GROUND TEST BOX ALL SUS304,4CCT,EA,1,334348,334348,180626,180626,,,514974,
GTBSUS5,조사단가평균,전3-38,GROUND TEST BOX ALL SUS304,5CCT,EA,1,340754,340754,180626,180626,,,521380,
GTBSUS6,조사단가평균,전3-38,GROUND TEST BOX ALL SUS304,6CCT,EA,1,456545,456545,180626,180626,,,637171,
GTBSUS7,조사단가평균,전3-38,GROUND TEST BOX ALL SUS304,7CCT,EA,1,507965,507965,180626,180626,,,688591,
GTBSUS8,조사단가평균,전3-38,GROUND TEST BOX ALL SUS304,8CCT,EA,1,548971,548971,180626,180626,,,729597,
GTBSUS9,조사단가평균,전3-38,GROUND TEST BOX ALL SUS304,9CCT,EA,1,582184,582184,180626,180626,,,762810,
GTBSUS10,조사단가평균,전3-38,GROUND TEST BOX ALL SUS304,10CCT,EA,1,587810,587810,180626,180626,,,768436,
ATCU,조사단가평균,전5-42-1,AIR TERMINAL ROD (CU),485mm,EA,1,42887,42887,180626,180626,,,223513,
ATAPT,조사단가평균,전5-42-1,AIR TERMINAL ROD (APT),485mm,EA,1,30795,30795,180626,180626,,,211421,
AT주공,조사단가평균,전5-42-1,AIR TERMINAL ROD (주공용),485mm,EA,1,63141,63141,180626,180626,,,243767,
AT애자,조사단가평균,전5-42-1,AIR TERMINAL ROD (애자),485mm,EA,1,95861,95861,180626,180626,,,276487,
ATS3,조사단가평균,전5-42-1,AIR TERMINAL SUPPORT SUS304,H:3M,EA,1,295345,295345,180626,180626,,,475971,
ATS5,조사단가평균,전5-42-1,AIR TERMINAL SUPPORT SUS304,H:5M,EA,1,354124,354124,180626,180626,,,534750,
STAN500,납품업체단가,전6-2,PIPE STANCHION STEEL H.D.G,"2""X500L",EA,1,58500,58500,118196,118196,,,176696,
STAN1500,납품업체단가,전6-2,PIPE STANCHION STEEL H.D.G,"2""X1500L",EA,1,78000,78000,118196,118196,,,196196,
STANS500,납품업체단가,전6-2,PIPE STANCHION SUS304,"2""X500L",EA,1,187200,187200,118196,118196,,,305396,
STANS1500,납품업체단가,전6-2,PIPE STANCHION SUS304,"2""X1500L",EA,1,249600,249600,118196,118196,,,367796,
FI,해당없음,전6-2,FIELD INSTRUMENT,일반 각종,EA,1,0,0,95834,95834,,,95834,
TRANS,해당없음,전6-2,TRANSMITTER,DPT/PT/LT/FT,EA,1,0,0,86251,86251,,,86251,
RECI,해당없음,전6-2,RECEIVER,일반 각종,EA,1,0,0,70278,70278,,,70278,
AIRSET,해당없음,전6-2,AIR SET,,EA,1,0,0,70278,70278,,,70278,
CONVER,해당없음,전6-2,CONVERTER,J/P/ A/D/ P/P/ MV/I,EA,1,0,0,79862,79862,,,79862,
MANUAL,해당없음,전6-2,MANUAL MANIPULATOR,,EA,1,0,0,63889,63889,,,63889,
LEAKTESTER,해당없음,전6-2,LEAK TESTER,,EA,1,0,0,63889,63889,,,63889,
RECODER,해당없음,전6-2,RECODER,,EA,1,0,0,239586,239586,,,239586,
LG,해당없음,전6-2,GAUGE,LG,EA,1,0,0,239586,239586,,,239586,
PG,해당없음,전6-2,GAUGE,PG,EA,1,0,0,127779,127779,,,127779,
TG,해당없음,전6-2,GAUGE,TG,EA,1,0,0,70278,70278,,,70278,
VG,해당없음,전6-2,GAUGE,VG,EA,1,0,0,47917,47917,,,47917,
PHTOMETRIC,해당없음,전6-2,PHTOMETRIC LIQUID GQUGE,,EA,1,0,0,575008,575008,,,575008,
HYGROMETER,해당없음,전6-2,HYGROMETER,,EA,1,0,0,47917,47917,,,47917,
ANALYZER,해당없음,전6-2,ANALYZER,적외선식 /자기식,EA,1,0,0,3833388,3833388,,,3833388,
MANO,해당없음,전6-2,MANO METER,,SET,1,0,0,95834,95834,,,95834,
THERMOC,해당없음,전6-2,THERMOCOUPLE,,EA,1,0,0,118196,118196,,,118196,
DISPRESSOR,해당없음,전6-2,DISPRESSOR,외통식,EA,1,0,0,958347,958347,,,958347,
SWITCH,해당없음,전6-2,SWITCH,일반 각종,EA,1,0,0,70278,70278,,,70278,
SVB,해당없음,전6-2,SOLENOID VALVE,소형,EA,1,0,0,31944,31944,,,31944,
SVS,해당없음,전6-2,SOLENOID VALVE,대형,EA,1,0,0,95834,95834,,,95834,
STVS,해당없음,전6-2,STEEL VALVE,소형,EA,1,0,0,31944,31944,,,31944,
STVB,해당없음,전6-2,STEEL VALVE,대형,EA,1,0,0,95834,95834,,,95834,
STRAINERS,해당없음,전6-2,STRAINER,소형,EA,1,0,0,31944,31944,,,31944,
STRAINERB,해당없음,전6-2,STRAINER,대형,EA,1,0,0,95834,95834,,,95834,
CV1,해당없음,전6-2,CONTROL VALVE,1B,EA,1,0,0,255559,255559,,,255559,
CV2,해당없음,전6-2,CONTROL VALVE,2B,EA,1,0,0,319449,319449,,,319449,
CV3,해당없음,전6-2,CONTROL VALVE,3B,EA,1,0,0,383338,383338,,,383338,
CV4,해당없음,전6-2,CONTROL VALVE,4B,EA,1,0,0,479173,479173,,,479173,
BV200,해당없음,전6-2,BUTTERFLY VALVE,200Φ,EA,1,0,0,383338,383338,,,383338,
BV300,해당없음,전6-2,BUTTERFLY VALVE,300Φ,EA,1,0,0,798622,798622,,,798622,
BV400,해당없음,전6-2,BUTTERFLY VALVE,400Φ,EA,1,0,0,1181961,1181961,,,1181961,
BV500,해당없음,전6-2,BUTTERFLY VALVE,500Φ,EA,1,0,0,1597245,1597245,,,1597245,
ORIFICE200,해당없음,전6-2,ORIFICE,200Φ 이하,EA,1,0,0,159724,159724,,,159724,
ORIFICE201,해당없음,전6-2,ORIFICE,201Φ~ 500Φ,EA,1,0,0,223614,223614,,,223614,
ORIFICE500,해당없음,전6-2,ORIFICE,501Φ 이상,EA,1,0,0,319449,319449,,,319449,
PHMETER,해당없음,전6-2,PH METER,,EA,1,0,0,127779,127779,,,127779,
AIRP1/2,납품업체단가,전6-5,PIPE A53B H.D.G SMLS TE SCH80,"1/2""",M,1,18252,18252,57500,57500,,,75752,
AIRP3/4,납품업체단가,전6-5,PIPE A53B H.D.G SMLS TE SCH80,"3/4""",M,1,26520,26520,67084,67084,,,93604,
AIRP1,납품업체단가,전6-5,PIPE A53B H.D.G SMLS TE SCH80,"1""",M,1,30420,30420,76667,76667,,,107087,
AIRPS1/2,납품업체단가,전6-5,PIPE A312 TP304 SMLS TBE SCH40,"1/2""",M,1,39000,39000,67084,67084,,,106084,
AIRPS3/4,납품업체단가,전6-5,PIPE A312 TP304 SMLS TBE SCH40,"3/4""",M,1,56667,56667,83056,83056,,,139723,
AIRPS1,납품업체단가,전6-5,PIPE A312 TP304 SMLS TBE SCH40,"1""",M,1,65000,65000,92640,92640,,,157640,
AIRT1/2,납품업체단가,해당없음,TEE A105 NPT.F H.D.G 3000#,"1/2""",EA,1,6162,6162,0,0,,,6162,단조fitting
AIRT3/4,납품업체단가,해당없음,TEE A105 NPT.F H.D.G 3000#,"3/4""",EA,1,8034,8034,0,0,,,8034,단조fitting
AIRT1,납품업체단가,해당없음,TEE A105 NPT.F H.D.G 3000#,"1""",EA,1,11232,11232,0,0,,,11232,단조fitting
AIRTS1/2,납품업체단가,해당없음,TEE A182 F304 NPT.F 3000#,"1/2""",EA,1,18486,18486,0,0,,,18486,단조fitting
AIRTS3/4,납품업체단가,해당없음,TEE A182 F304 NPT.F 3000#,"3/4""",EA,1,24102,24102,0,0,,,24102,단조fitting
AIRTS1,납품업체단가,해당없음,TEE A182 F304 NPT.F 3000#,"1""",EA,1,33696,33696,0,0,,,33696,단조fitting
AIRE1/2,납품업체단가,해당없음,ELBOW A105 NPT.F H.D.G 3000#,"1/2""",EA,1,4758,4758,0,0,,,4758,단조fitting
AIRE3/4,납품업체단가,해당없음,ELBOW A105 NPT.F H.D.G 3000#,"3/4""",EA,1,5850,5850,0,0,,,5850,단조fitting
AIRE1,납품업체단가,해당없음,ELBOW A105 NPT.F H.D.G 3000#,"1""",EA,1,7176,7176,0,0,,,7176,단조fitting
AIRES1/2,납품업체단가,해당없음,ELBOW A182 F304 NPT.F 3000#,"1/2""",EA,1,14274,14274,0,0,,,14274,단조fitting
AIRES3/4,납품업체단가,해당없음,ELBOW A182 F304 NPT.F 3000#,"3/4""",EA,1,17550,17550,0,0,,,17550,단조fitting
AIRES1,납품업체단가,해당없음,ELBOW A182 F304 NPT.F 3000#,"1""",EA,1,21528,21528,0,0,,,21528,단조fitting
AIRV1/2,납품업체단가,전6-5,GATE VALVE W/PLUG A105/13CR+HF CL800# BB OS&Y,"1/2""NPT",EA,1,54600,54600,47917,47917,,,102517,단조fitting
AIRV1/4,납품업체단가,전6-5,GATE VALVE W/PLUG A105/13CR+HF CL800# BB OS&Y,"1/4""NPT",EA,1,46800,46800,47917,47917,,,94717,단조fitting
AIRF1/4,납품업체단가,전6-6,AIR FLEXIBLE TUBE 316SS/ COMPRESSION TYPE,"1/4""O.D x 1000mm",EA,1,73450,73450,31944,31944,,,105394,
AIRF3/8,납품업체단가,전6-6,AIR FLEXIBLE TUBE 316SS/ COMPRESSION TYPE,"3/8""O.D x 1000mm",EA,1,84500,84500,44722,44722,,,129222,
AIRF1/2,납품업체단가,전6-6,AIR FLEXIBLE TUBE 316SS/ COMPRESSION TYPE,"1/2""O.D x 1000mm",EA,1,96720,96720,67084,67084,,,163804,
35TUBE1/2,납품업체단가,전6-6,"TUBE SUS316 SMLS 0.035""","1/2""",M,1,17810,17810,67084,67084,,,84894,
35TUBE3/8,납품업체단가,전6-6,"TUBE SUS316 SMLS 0.035""","3/8""",M,1,15600,15600,44722,44722,,,60322,
35TUBE1/4,납품업체단가,전6-6,"TUBE SUS316 SMLS 0.035""","1/4""",M,1,13910,13910,31944,31944,,,45854,
TUBE1/2,납품업체단가,전6-6,"TUBE SUS316 SMLS 0.049""","1/2""",M,1,20280,20280,67084,67084,,,87364,
TUBE3/8,납품업체단가,전6-6,"TUBE SUS316 SMLS 0.049""","3/8""",M,1,17810,17810,44722,44722,,,62532,
TUBE1/4,납품업체단가,전6-6,"TUBE SUS316 SMLS 0.049""","1/4""",M,1,15340,15340,31944,31944,,,47284,
65TUBE1/2,납품업체단가,전6-6,"TUBE SUS316 SMLS 0.065""","1/2""",M,1,22880,22880,67084,67084,,,89964,
65TUBE3/8,납품업체단가,전6-6,"TUBE SUS316 SMLS 0.065""","3/8""",M,1,20280,20280,44722,44722,,,65002,
65TUBE1/4,납품업체단가,전6-6,"TUBE SUS316 SMLS 0.065""","1/4""",M,1,18330,18330,31944,31944,,,50274,
TUBEU1/2,납품업체단가,해당없음,TUBE UNION 316SS,"1/2""",EA,1,19593,19593,0,0,,,19593,Hy-lok
TUBEU3/8,납품업체단가,해당없음,TUBE UNION 316SS,"3/8""",EA,1,14365,14365,0,0,,,14365,Hy-lok
TUBEU1/4,납품업체단가,해당없음,TUBE UNION 316SS,"1/4""",EA,1,12831,12831,0,0,,,12831,Hy-lok
TUBET1/2,납품업체단가,해당없음,UNION TEE 316SS,"1/2""",EA,1,35107,35107,0,0,,,35107,Hy-lok
TUBET3/8,납품업체단가,해당없음,UNION TEE 316SS,"3/8""",EA,1,28665,28665,0,0,,,28665,Hy-lok
TUBET1/4,납품업체단가,해당없음,UNION TEE 316SS,"1/4""",EA,1,25356,25356,0,0,,,25356,Hy-lok
MALE1/4,납품업체단가,해당없음,MALE CONNECTOR 316SS/ COMPRESSION TYPE,"1/4""NPTx1/4"" O.D",EA,1,6458,6458,0,0,,,6458,Hy-lok
MALE1/2,납품업체단가,해당없음,MALE CONNECTOR 316SS/ COMPRESSION TYPE,"1/2""NPTx1/2"" O.D",EA,1,13696,13696,0,0,,,13696,Hy-lok
MALE3/8,납품업체단가,해당없음,MALE CONNECTOR 316SS/ COMPRESSION TYPE,"3/8""NPTx3/8"" O.D",EA,1,10374,10374,0,0,,,10374,Hy-lok
NV1/2,납품업체단가,전6-5,NEEDLE VALVE W/PLUG 316SS/ COMPRESSION TYPE,"1/2""O.D ",EA,1,89297,89297,47917,47917,,,137214,Hy-lok
